id,word,level,source_level,app,category,topic,also_in_topics,part_of_speech,definition,example,chinese,also_in_other_app
evocab:coffee,coffee,Beginning,A1,E-vocab,Food & Drink,At a Café,At a Supermarket; Making Friends,noun,a dark drink made from roasted coffee beans and hot water,I drink coffee with a little milk.,咖啡,
evocab:cup,cup,Beginning,A1,E-vocab,Food & Drink,At a Café,At Home; At a Hotel; At a Supermarket; Shopping,noun,a small container used for drinking,She ordered a cup of coffee.,杯子；一杯的量,
evocab:hot,hot,Beginning,A1,E-vocab,Food & Drink,At a Café,,adjective,having a high temperature,Be careful—the tea is very hot.,熱的,
evocab:cold,cold,Beginning,A1,E-vocab,Food & Drink,At a Café,,adjective,having a low temperature,He prefers cold coffee in the summer.,冷的；冰的,
evocab:order,order,Beginning,A2,E-vocab,Food & Drink,At a Café,Online Shopping; At a Restaurant,verb,to ask for food or a drink in a café or restaurant,"I’d like to order a latte, please.",點餐；點飲料,
evocab:menu,menu,Beginning,A2,E-vocab,Food & Drink,At a Café,At a Supermarket; Shopping; At a Restaurant,noun,a list of the food and drinks that are available,The seasonal drinks are listed on the menu.,菜單,
evocab:receipt,receipt,Beginning,A2,E-vocab,Food & Drink,At a Café,At a Hotel; At a Supermarket; Shopping; Online Shopping; At a Restaurant; Returning an Item,noun,a paper or digital record showing that you paid for something,Would you like a receipt with your order?,收據；發票,Everyday English (Beginning)
evocab:pay,pay,Beginning,A2,E-vocab,Food & Drink,At a Café,At a Hotel; At a Supermarket; Shopping; Online Shopping; At a Restaurant; At the Night Market; At the Bank,verb,to give money in exchange for something,You can pay at the counter.,付款,
evocab:recommend,recommend,Middle,B1,E-vocab,Food & Drink,At a Café,At a Hotel; Making Friends; Shopping; Online Shopping; At a Restaurant,verb,to suggest something because you think it is good,The barista recommended the cold brew.,推薦；建議,
evocab:decaf,decaf,Middle,B1,E-vocab,Food & Drink,At a Café,,adjective / noun,coffee that has had most of its caffeine removed,I switched to decaf in the evening.,低咖啡因的；低咖啡因咖啡,
evocab:refill,refill,Middle,B1,E-vocab,Food & Drink,At a Café,At a Hotel,noun,another serving that fills a cup or container again,The café offers one free refill.,續杯；補充,
evocab:ingredient,ingredient,Middle,B1,E-vocab,Food & Drink,At a Café,At a Hotel; At a Supermarket; Shopping; In the Kitchen,noun,one of the foods or substances used to make something,Oat milk is the main ingredient in this drink.,成分；原料,
evocab:complimentary,complimentary,Middle,B2,E-vocab,Food & Drink,At a Café,At a Hotel,adjective,provided without charge,Each breakfast includes a complimentary coffee.,免費贈送的,
evocab:alternative,alternative,Middle,B2,E-vocab,Food & Drink,At a Café,At Home; At a Supermarket; Making Friends; Shopping; Online Shopping,noun,another option or possibility that can be chosen,Almond milk is a popular alternative to dairy milk.,替代選擇；其他方案,
evocab:accommodate,accommodate,Middle,B2,E-vocab,Food & Drink,At a Café,At a Hotel; Making Friends,verb,to adjust or provide what someone needs,The café can accommodate most dietary requests.,配合；滿足需求,
evocab:preference,preference,Middle,B2,E-vocab,Food & Drink,At a Café,At Home; At a Hotel; At a Supermarket; Making Friends; Shopping; Online Shopping,noun,a greater liking for one choice over another,The barista asked about my milk preference.,偏好；喜好,
evocab:desk,desk,Beginning,A1,E-vocab,Work & Career,At the Office,At School; Job Interview,noun,a table used for working or studying,My notebook is on my desk.,書桌；辦公桌,
evocab:chair,chair,Beginning,A1,E-vocab,Work & Career,At the Office,At Home; At School; At a Hotel; Making Friends; Job Interview,noun,"a seat for one person, usually with a back",Please take a chair near the window.,椅子,
evocab:meeting,meeting,Beginning,A1,E-vocab,Work & Career,At the Office,At School; Making Friends; Job Interview; In a Meeting,noun,a planned time when people come together to discuss work,Our team meeting starts at ten.,會議,
evocab:email,email,Beginning,A1,E-vocab,Work & Career,At the Office,At School; Making Friends; Job Interview; Online Shopping; Writing Emails,noun,a message sent electronically from one person to another,I sent my manager an email.,電子郵件,
evocab:deadline,deadline,Beginning,A2,E-vocab,Work & Career,At the Office,At School; Job Interview,noun,the latest time or date when work must be finished,The deadline for this report is Friday.,截止日期；期限,
evocab:coworker,coworker,Beginning,A2,E-vocab,Work & Career,At the Office,Making Friends; Job Interview,noun,a person who works with you,A coworker helped me prepare the presentation.,同事,
evocab:schedule,schedule,Beginning,A2,E-vocab,Work & Career,At the Office,At the Doctor; At Home; At School; Making Friends; Job Interview; Online Shopping,noun,a plan that shows when activities or appointments will happen,I checked my schedule before confirming the appointment.,行程表；時間表,
evocab:report,report,Beginning,A2,E-vocab,Work & Career,At the Office,At School; Job Interview; Online Shopping,noun,a written or spoken description that gives information about something,She finished the monthly sales report.,報告,
evocab:collaborate,collaborate,Middle,B1,E-vocab,Work & Career,At the Office,At School; Making Friends; Job Interview,verb,to work with other people to achieve a shared result,The design and marketing teams collaborated on the launch.,合作；協作,
evocab:prioritize,prioritize,Middle,B1,E-vocab,Work & Career,At the Office,At School; Job Interview,verb,to decide which tasks are most important and do them first,We need to prioritize the customer requests.,排定優先順序,
evocab:workload,workload,Middle,B1,E-vocab,Work & Career,At the Office,Job Interview,noun,the amount of work a person is expected to do,My workload increased during the busy season.,工作量,
evocab:feedback,feedback,Middle,B1,E-vocab,Work & Career,At the Office,At School; Making Friends; Job Interview; Online Shopping,noun,comments that help someone understand or improve their work,Her feedback made the proposal much clearer.,回饋；意見,
evocab:delegate,delegate,Middle,B2,E-vocab,Work & Career,At the Office,At School; Job Interview,verb,to give a task or responsibility to another person,A strong manager knows when to delegate important tasks.,委派；授權,
evocab:streamline,streamline,Middle,B2,E-vocab,Work & Career,At the Office,Job Interview,verb,to make a process simpler and more efficient,The new form streamlined the approval process.,簡化；提高效率,
evocab:initiative,initiative,Middle,B2,E-vocab,Work & Career,At the Office,At School; Making Friends; Job Interview,noun,the ability to act and make decisions without being told what to do,She showed initiative by solving the problem before the meeting.,主動性；倡議,
evocab:confidential,confidential,Middle,B2,E-vocab,Work & Career,At the Office,Job Interview,adjective,intended to be kept private and not shared with others,Employee medical records are confidential.,機密的；保密的,
evocab:plane,plane,Beginning,A1,E-vocab,Travel & Transportation,At the Airport,,noun,a vehicle with wings that flies through the air,Our plane leaves early tomorrow.,飛機,
evocab:ticket,ticket,Beginning,A1,E-vocab,Travel & Transportation,At the Airport,Shopping; Online Shopping,noun,a document that gives you permission to travel,I saved my plane ticket on my phone.,機票；票,
evocab:bag,bag,Beginning,A1,E-vocab,Travel & Transportation,At the Airport,At a Hotel; At a Supermarket; Shopping; Online Shopping,noun,a container used to carry personal things,This small bag can go under the seat.,袋子；行李袋,
evocab:gate,gate,Beginning,A1,E-vocab,Travel & Transportation,At the Airport,,noun,the airport area where passengers wait to board a flight,Flight 218 is boarding at Gate 6.,登機門,
evocab:passport,passport,Beginning,A2,E-vocab,Travel & Transportation,At the Airport,At a Hotel,noun,an official document used to enter and leave countries,Please show your passport at the counter.,護照,
evocab:luggage,luggage,Beginning,A2,E-vocab,Travel & Transportation,At the Airport,At a Hotel,noun,the bags and suitcases a person takes while traveling,Our luggage was checked through to Chicago.,行李,
evocab:boarding,boarding,Beginning,A2,E-vocab,Travel & Transportation,At the Airport,,noun,the process of getting onto a plane,Boarding begins thirty minutes before departure.,登機,
evocab:delayed,delayed,Beginning,A2,E-vocab,Travel & Transportation,At the Airport,,adjective,happening later than the expected time,The flight was delayed because of heavy rain.,延誤的；延遲的,
evocab:departure,departure,Middle,B1,E-vocab,Travel & Transportation,At the Airport,,noun,the act or time of leaving a place,Please arrive two hours before your departure.,出發；離境,
evocab:security,security,Middle,B1,E-vocab,Travel & Transportation,At the Airport,At a Hotel; Online Shopping,noun,the airport process that checks passengers and their belongings,The line at security moved quickly this morning.,安全檢查；安檢,
evocab:connection,connection,Middle,B1,E-vocab,Travel & Transportation,At the Airport,Making Friends; Online Shopping,noun,a second flight taken after arriving on an earlier flight,We have a short connection in Denver.,轉機；銜接班機,
evocab:destination,destination,Middle,B1,E-vocab,Travel & Transportation,At the Airport,At a Hotel; Making Friends,noun,the place someone is traveling to,Seattle is our final destination.,目的地,
evocab:itinerary,itinerary,Middle,B2,E-vocab,Travel & Transportation,At the Airport,At a Hotel,noun,"a detailed plan of a trip, including travel times and places",The airline emailed us an updated itinerary.,行程；旅行計畫,
evocab:turbulence,turbulence,Middle,B2,E-vocab,Travel & Transportation,At the Airport,,noun,rough air that causes an aircraft to move suddenly,The pilot asked everyone to sit down because of turbulence.,亂流；顛簸,
evocab:restriction,restriction,Middle,B2,E-vocab,Travel & Transportation,At the Airport,At a Supermarket; Online Shopping,noun,a rule that limits what someone may do or carry,There is a weight restriction for carry-on bags.,限制；規定,
evocab:reimbursement,reimbursement,Middle,B2,E-vocab,Travel & Transportation,At the Airport,At a Hotel; Online Shopping,noun,money paid back to someone for costs they have already paid,The passenger requested reimbursement for the hotel expense.,費用償還；報銷,
evocab:doctor,doctor,Beginning,A1,E-vocab,Health & Body,At the Doctor,,noun,a person trained to treat people who are sick or injured,The doctor listened to my breathing.,醫生,
evocab:nurse,nurse,Beginning,A1,E-vocab,Health & Body,At the Doctor,,noun,a person trained to care for people who are sick or injured,The nurse checked my temperature.,護理師；護士,
evocab:sick,sick,Beginning,A1,E-vocab,Health & Body,At the Doctor,At the Pharmacy,adjective,not healthy or feeling unwell,I felt sick after lunch.,生病的；不舒服的,
evocab:medicine,medicine,Beginning,A1,E-vocab,Health & Body,At the Doctor,At the Pharmacy,noun,a substance used to treat an illness or reduce pain,Take this medicine with food.,藥；藥物,
evocab:appointment,appointment,Beginning,A2,E-vocab,Health & Body,At the Doctor,At Home; Making Friends,noun,an arranged time to meet a doctor or another professional,I made a doctor’s appointment for Monday.,預約；約診,
evocab:symptom,symptom,Beginning,A2,E-vocab,Health & Body,At the Doctor,,noun,a physical change that may show that someone has an illness,A sore throat was my first symptom.,症狀,Everyday English (Beginning)
evocab:fever,fever,Beginning,A2,E-vocab,Health & Body,At the Doctor,At the Pharmacy,noun,a body temperature that is higher than normal,She stayed home because she had a fever.,發燒,
evocab:diagnosis,diagnosis,Middle,B1,E-vocab,Health & Body,At the Doctor,,noun,a medical explanation of what illness or condition someone has,The test helped the doctor make a diagnosis.,診斷,
evocab:treatment,treatment,Middle,B1,E-vocab,Health & Body,At the Doctor,At Home,noun,medical care given to improve an illness or injury,The treatment reduced the pain in her shoulder.,治療,
evocab:recover,recover,Middle,B1,E-vocab,Health & Body,At the Doctor,At Home,verb,to become healthy again after being sick or injured,He needed two weeks to recover from the infection.,康復；恢復,
evocab:prescribe,prescribe,Middle,B1,E-vocab,Health & Body,At the Doctor,,verb,to officially tell a patient to use a particular medicine or treatment,The doctor prescribed an antibiotic.,開立處方；指示用藥,
evocab:chronic,chronic,Middle,B2,E-vocab,Health & Body,At the Doctor,,adjective,continuing for a long time or frequently returning,She sees a specialist for chronic back pain.,慢性的；長期的,
evocab:side-effect,side effect,Middle,B2,E-vocab,Health & Body,At the Doctor,At the Pharmacy,noun,"an additional, usually unwanted effect caused by a medicine or treatment",Drowsiness is a possible side effect of this medication.,副作用,Everyday English (Advanced)
evocab:referral,referral,Middle,B2,E-vocab,Health & Body,At the Doctor,,noun,a request from one medical professional for a patient to see another specialist,My primary care doctor gave me a referral to a dermatologist.,轉診；轉介,
evocab:inconvenient,inconvenient,Middle,B2,E-vocab,Health & Body,At the Doctor,At Home,adjective,"causing difficulty, extra work, or a problem at an unsuitable time",The limited clinic hours are inconvenient for patients who work late.,不方便的；造成困擾的,
evocab:artisanal,artisanal,Advanced,C1,E-vocab,Food & Drink,At a Café,,adjective,"made in a traditional or skilled way, usually in small quantities",The café is known for its artisanal pastries and carefully roasted coffee.,手工製作的；工匠式的,
evocab:nuanced,nuanced,Advanced,C1,E-vocab,Food & Drink,At a Café,Making Friends,adjective,"showing small but meaningful differences in quality, meaning, or feeling",The lighter roast has a nuanced flavor with floral and citrus notes.,細膩的；有微妙差異的,
evocab:sustainable,sustainable,Advanced,C1,E-vocab,Food & Drink,At a Café,At Home; At a Hotel; At a Supermarket; Shopping,adjective,able to continue without causing serious environmental or social harm,The owner buys beans from farms that use sustainable growing methods.,永續的；可持續的,
evocab:discerning,discerning,Advanced,C1,E-vocab,Food & Drink,At a Café,At a Hotel; Making Friends,adjective,able to recognize and appreciate fine differences in quality,Discerning customers often ask where and how the beans were roasted.,有鑑賞力的；眼光敏銳的,
evocab:gustatory,gustatory,Advanced,C2,E-vocab,Food & Drink,At a Café,At a Supermarket,adjective,connected with the sense of taste,The tasting menu creates a gustatory contrast between bitter coffee and sweet fruit.,味覺的,
evocab:provenance,provenance,Advanced,C2,E-vocab,Food & Drink,At a Café,At a Hotel; At a Supermarket; Making Friends; Shopping; Online Shopping,noun,the place of origin and history of a product or object,The menu explains the provenance of every single-origin coffee.,產地；來源與歷史,
evocab:astringent,astringent,Advanced,C2,E-vocab,Food & Drink,At a Café,,adjective,"producing a dry, slightly bitter feeling in the mouth",Overbrewing made the tea unpleasantly astringent.,澀口的；收斂性的,
evocab:connoisseurship,connoisseurship,Advanced,C2,E-vocab,Food & Drink,At a Café,At a Hotel; Making Friends; Shopping,noun,expert knowledge and judgment in matters of taste or quality,Coffee connoisseurship involves more than simply preferring an expensive roast.,鑑賞專長；品鑑能力,
evocab:consensus,consensus,Advanced,C1,E-vocab,Work & Career,At the Office,At School; Making Friends; Job Interview; In a Meeting,noun,general agreement reached by a group,The team reached a consensus after discussing the risks of each option.,共識；一致意見,
evocab:accountability,accountability,Advanced,C1,E-vocab,Work & Career,At the Office,At School; Job Interview; Online Shopping,noun,"responsibility for decisions, actions, and their results",Clear ownership improves accountability across the project.,問責；責任歸屬,Everyday English (Advanced)
evocab:contingency,contingency,Advanced,C1,E-vocab,Work & Career,At the Office,At the Airport; At a Hotel; Online Shopping,noun,a possible future event that requires preparation because it may cause problems,The team prepared a contingency plan in case the system failed or the flight was canceled.,突發狀況；應變事項,
evocab:facilitate,facilitate,Advanced,C1,E-vocab,Work & Career,At the Office,At School; At a Hotel; Making Friends; Job Interview,verb,to make a process or action easier or more effective,A neutral manager facilitated the discussion between the two departments.,促進；使便利,
evocab:circumspect,circumspect,Advanced,C2,E-vocab,Work & Career,At the Office,At Home; At School; At a Hotel; Making Friends; Job Interview; Shopping; Online Shopping,adjective,careful to consider possible consequences before speaking or acting,The director was circumspect when discussing the unannounced merger.,審慎的；慎重的,
evocab:equivocate,equivocate,Advanced,C2,E-vocab,Work & Career,At the Office,At School; Making Friends; Job Interview; Online Shopping,verb,to speak ambiguously in order to avoid giving a clear answer,"When asked about the missed target, the executive began to equivocate.",含糊其辭；閃爍其詞,
evocab:perfunctory,perfunctory,Advanced,C2,E-vocab,Work & Career,At the Office,At School; Job Interview,adjective,"done quickly and with little care, interest, or effort",The supervisor’s perfunctory review failed to identify several serious errors.,敷衍的；草率的,
evocab:intransigent,intransigent,Advanced,C2,E-vocab,Work & Career,At the Office,At School; Making Friends; Job Interview,adjective,unwilling to change an opinion or reach a compromise,Negotiations stalled because both departments remained intransigent.,不妥協的；頑固的,
evocab:disruption,disruption,Advanced,C1,E-vocab,Travel & Transportation,At the Airport,At a Hotel,noun,an interruption that prevents a system or activity from continuing normally,Severe weather caused widespread disruption across the airport.,中斷；擾亂,
evocab:expedite,expedite,Advanced,C1,E-vocab,Travel & Transportation,At the Airport,At a Hotel,verb,to make a process happen more quickly,An agent expedited the transfer because our connection was about to close.,加速；促進,
evocab:reroute,reroute,Advanced,C1,E-vocab,Travel & Transportation,At the Airport,,verb,"to send a traveler, vehicle, or journey along a different route",The airline rerouted us through Tokyo after the original flight was canceled.,改道；重新安排路線,
evocab:interline-agreement,interline agreement,Advanced,C2,E-vocab,Travel & Transportation,At the Airport,At a Hotel,noun,an arrangement that allows different airlines to handle passengers and baggage on one journey,"Because the airlines had an interline agreement, the agent transferred our bags automatically.",航空公司聯運協議,
evocab:inadmissible,inadmissible,Advanced,C2,E-vocab,Travel & Transportation,At the Airport,,adjective,not legally permitted to enter a country,A traveler may be declared inadmissible if the required documents are invalid.,不准入境的；不可接受的,
evocab:repatriation,repatriation,Advanced,C2,E-vocab,Travel & Transportation,At the Airport,,noun,the process of returning a person to their own country,The embassy helped coordinate the passengers’ repatriation after the emergency.,遣返；送返本國,
evocab:jurisdiction,jurisdiction,Advanced,C2,E-vocab,Travel & Transportation,At the Airport,At a Hotel; At a Supermarket; Shopping; Online Shopping,noun,the legal authority of a country or organization over a place or matter,Baggage claims may fall under a different jurisdiction during international travel.,司法管轄權；權限範圍,
evocab:prognosis,prognosis,Advanced,C1,E-vocab,Health & Body,At the Doctor,,noun,a medical judgment about how an illness is likely to develop,The specialist said the prognosis was good with early treatment.,預後；病情發展預測,
evocab:contraindication,contraindication,Advanced,C1,E-vocab,Health & Body,At the Doctor,At the Pharmacy,noun,a medical reason why a treatment or drug should not be used,Pregnancy can be a contraindication for certain medications.,禁忌症；不宜使用的醫療原因,
evocab:intervention,intervention,Advanced,C1,E-vocab,Health & Body,At the Doctor,,noun,an action or treatment intended to improve a medical condition,Early intervention can prevent the condition from becoming more serious.,醫療介入；干預,
evocab:susceptibility,susceptibility,Advanced,C1,E-vocab,Health & Body,At the Doctor,,noun,the state of being likely to be affected by a disease or condition,Genetics can influence a person’s susceptibility to certain diseases.,易感性；感受性,
evocab:comorbidity,comorbidity,Advanced,C2,E-vocab,Health & Body,At the Doctor,,noun,an additional disease or condition present at the same time as another,The treatment plan changed because the patient had a significant comorbidity.,共病；合併症,
evocab:idiopathic,idiopathic,Advanced,C2,E-vocab,Health & Body,At the Doctor,,adjective,describing a disease or condition whose cause is unknown,The neurologist diagnosed the pain as idiopathic because no clear cause was found.,特發性的；病因不明的,
evocab:iatrogenic,iatrogenic,Advanced,C2,E-vocab,Health & Body,At the Doctor,,adjective,caused unintentionally by medical treatment or examination,The team investigated whether the complication was iatrogenic.,醫源性的；因醫療處置引起的,
evocab:differential-diagnosis,differential diagnosis,Advanced,C2,E-vocab,Health & Body,At the Doctor,,noun,a systematic comparison of possible conditions that could explain a patient’s symptoms,The physician considered several infections in the differential diagnosis.,鑑別診斷,
evocab:tea,tea,Beginning,A1,E-vocab,Food & Drink,At a Café,At a Supermarket; Making Friends,noun,a drink made by putting dried leaves in hot water,Would you like coffee or tea?,茶,
evocab:milk,milk,Beginning,A1,E-vocab,Food & Drink,At a Café,At a Supermarket,noun,a white drink produced by cows or made from plants,I added milk to my coffee.,牛奶；植物奶,
evocab:sugar,sugar,Beginning,A1,E-vocab,Food & Drink,At a Café,At a Supermarket,noun,a sweet substance added to food and drinks,She takes her tea without sugar.,糖,
evocab:water,water,Beginning,A1,E-vocab,Food & Drink,At a Café,At Home; At a Hotel; At a Supermarket; Shopping,noun,a clear liquid that people drink,Could I have a glass of water?,水,
evocab:table,table,Beginning,A1,E-vocab,Food & Drink,At a Café,At Home; At a Hotel; At a Supermarket; Making Friends; Shopping; Online Shopping,noun,a piece of furniture with a flat top,We found a table near the window.,桌子,
evocab:spoon,spoon,Beginning,A1,E-vocab,Food & Drink,At a Café,,noun,a small tool with a rounded end used for eating or stirring,Use this spoon to stir your coffee.,湯匙；茶匙,
evocab:latte,latte,Beginning,A2,E-vocab,Food & Drink,At a Café,Making Friends,noun,a coffee drink made with espresso and steamed milk,He ordered an iced latte.,拿鐵咖啡,
evocab:sandwich,sandwich,Beginning,A2,E-vocab,Food & Drink,At a Café,At Home; Making Friends,noun,food placed between two pieces of bread,I bought a sandwich for lunch.,三明治,
evocab:counter,counter,Beginning,A2,E-vocab,Food & Drink,At a Café,At a Supermarket; Shopping,noun,a long flat surface where customers order or pay,Please pick up your drink at the counter.,櫃檯,
evocab:change,change,Beginning,A2,E-vocab,Food & Drink,At a Café,At a Supermarket; Shopping,noun,money returned after someone pays more than the price,The cashier gave me two dollars in change.,找零；零錢,
evocab:server,server,Beginning,A2,E-vocab,Food & Drink,At a Café,At a Supermarket,noun,a person who brings food or drinks to customers,Our server brought the check quickly.,服務生,
evocab:takeout,takeout,Beginning,A2,E-vocab,Food & Drink,At a Café,At Home; At a Hotel; Shopping,noun,food or drink prepared to be consumed somewhere else,We ordered takeout because every table was full.,外帶餐點,
evocab:caffeine,caffeine,Middle,B1,E-vocab,Food & Drink,At a Café,At Home; At a Supermarket,noun,a substance in coffee and tea that makes people feel more awake,This tea contains less caffeine than coffee.,咖啡因,
evocab:roast,roast,Middle,B1,E-vocab,Food & Drink,At a Café,,noun,a type of coffee defined by how long and intensely the beans were heated,A dark roast usually has a bold flavor.,烘焙程度,
evocab:dairy,dairy,Middle,B1,E-vocab,Food & Drink,At a Café,At Home; At a Supermarket; Shopping,adjective,made from milk,The café offers several dairy-free options.,乳製的；乳品,
evocab:customize,customize,Middle,B1,E-vocab,Food & Drink,At a Café,At Home; At a Hotel; At a Supermarket; Making Friends; Shopping,verb,to change something to suit a person's needs or preferences,Customers can customize the sweetness of each drink.,客製化；依需求調整,
evocab:portion,portion,Middle,B1,E-vocab,Food & Drink,At a Café,At Home; At a Hotel; At a Supermarket; Shopping,noun,the amount of food served to one person,The lunch portion was larger than I expected.,一份；份量,
evocab:brew,brew,Middle,B1,E-vocab,Food & Drink,At a Café,,verb,to prepare coffee or tea by mixing it with hot water,The barista brews each cup to order.,沖泡；煮製,
evocab:specialty,specialty,Middle,B2,E-vocab,Food & Drink,At a Café,At a Supermarket; Shopping,noun,a product or dish for which a place is especially known,Cold brew is this café's specialty.,招牌品項；特色產品,
evocab:substitute,substitute,Middle,B2,E-vocab,Food & Drink,At a Café,At a Supermarket; Shopping,noun,something used instead of another thing,Oat milk works well as a dairy substitute.,替代品,
evocab:consistency,consistency,Middle,B2,E-vocab,Food & Drink,At a Café,At Home; At a Supermarket; Making Friends; Shopping; Online Shopping,noun,the quality of staying at the same standard over time,Customers value the consistency of the coffee.,一致性；穩定品質,
evocab:seasonal,seasonal,Middle,B2,E-vocab,Food & Drink,At a Café,At Home; At a Supermarket; Shopping,adjective,available or typical during a particular season,The café introduced a seasonal pumpkin drink.,季節性的；當季的,
evocab:consumption,consumption,Middle,B2,E-vocab,Food & Drink,At a Café,At Home; At a Supermarket; Shopping,noun,the act or amount of eating or drinking something,Doctors often advise limiting caffeine consumption.,消費；攝取,
evocab:hospitality,hospitality,Middle,B2,E-vocab,Food & Drink,At a Café,At a Hotel; Making Friends,noun,friendly and generous treatment of guests or customers,Warm hospitality keeps regular customers coming back.,款待；餐旅服務,
evocab:aroma,aroma,Advanced,C1,E-vocab,Food & Drink,At a Café,,noun,a noticeable and usually pleasant smell,The aroma of freshly ground beans filled the room.,香氣,
evocab:ethical,ethical,Advanced,C1,E-vocab,Food & Drink,At a Café,At Home; At a Supermarket; Making Friends; Shopping,adjective,morally responsible and fair,The company promotes ethical treatment of coffee farmers.,合乎道德的；公平的,
evocab:transparency,transparency,Advanced,C1,E-vocab,Food & Drink,At a Café,At Home; At a Supermarket; Shopping; Online Shopping,noun,openness that makes actions and information easy to understand,Price transparency helps customers understand why specialty coffee costs more.,透明度；公開性,
evocab:sourcing,sourcing,Advanced,C1,E-vocab,Food & Drink,At a Café,At a Supermarket; Shopping; Online Shopping,noun,the process of finding and obtaining products or materials,Responsible sourcing can improve conditions for growers.,採購來源；尋找供應來源,
evocab:distinctive,distinctive,Advanced,C1,E-vocab,Food & Drink,At a Café,At a Supermarket; Making Friends; Shopping,adjective,having a quality that makes something clearly different,The beans have a distinctive chocolate flavor.,獨特的；與眾不同的,
evocab:craftsmanship,craftsmanship,Advanced,C1,E-vocab,Food & Drink,At a Café,At Home; Shopping,noun,skill and care shown in making something,The careful pour demonstrates the barista's craftsmanship.,工藝；精湛技術,
evocab:olfactory,olfactory,Advanced,C2,E-vocab,Food & Drink,At a Café,At Home; At a Supermarket,adjective,connected with the sense of smell,Temperature can alter the olfactory qualities of coffee.,嗅覺的,
evocab:terroir,terroir,Advanced,C2,E-vocab,Food & Drink,At a Café,,noun,the environmental conditions that give an agricultural product its character,Altitude and rainfall contribute to the coffee's terroir.,風土條件；產地特性,
evocab:mouthfeel,mouthfeel,Advanced,C2,E-vocab,Food & Drink,At a Café,,noun,the physical sensation a food or drink creates in the mouth,The added cream gives the drink a smoother mouthfeel.,口感,
evocab:cloying,cloying,Advanced,C2,E-vocab,Food & Drink,At a Café,At Home; At a Supermarket; Shopping,adjective,excessively sweet or rich in an unpleasant way,The syrup made the drink cloying rather than balanced.,甜膩的；過分濃郁的,
evocab:piquant,piquant,Advanced,C2,E-vocab,Food & Drink,At a Café,At a Supermarket,adjective,having a pleasantly sharp or stimulating taste,A piquant ginger note balanced the sweetness.,辛香的；刺激味蕾的,
evocab:epicurean,epicurean,Advanced,C2,E-vocab,Food & Drink,At a Café,At a Hotel; At a Supermarket; Making Friends,adjective,devoted to appreciating high-quality food and drink,The café attracts an epicurean crowd interested in rare beans.,講究美食的；享樂品味的,
evocab:computer,computer,Beginning,A1,E-vocab,Work & Career,At the Office,At Home; At School; At a Hotel; Job Interview; Shopping; Online Shopping,noun,an electronic machine used to store information and do work,I use a computer at work.,電腦,
evocab:phone,phone,Beginning,A1,E-vocab,Work & Career,At the Office,At Home; At a Hotel; Making Friends; Job Interview; Shopping; Online Shopping,noun,a device used to call or message people,Her work phone is on the desk.,電話；手機,
evocab:printer,printer,Beginning,A1,E-vocab,Work & Career,At the Office,At School; Online Shopping,noun,a machine that puts words or pictures on paper,The printer is out of paper.,印表機,
evocab:paper,paper,Beginning,A1,E-vocab,Work & Career,At the Office,At Home; At School; Job Interview; Shopping; Online Shopping,noun,thin material used for writing or printing,Please sign this paper.,紙；文件,
evocab:boss,boss,Beginning,A1,E-vocab,Work & Career,At the Office,Job Interview,noun,the person who directs your work,My boss approved the idea.,老闆；主管,
evocab:break,break,Beginning,A1,E-vocab,Work & Career,At the Office,At School; Making Friends,noun,a short period when someone stops working,We take a lunch break at noon.,休息時間,
evocab:project,project,Beginning,A2,E-vocab,Work & Career,At the Office,At School; Job Interview,noun,a planned piece of work with a particular goal,Our new project begins next week.,專案；計畫,
evocab:task,task,Beginning,A2,E-vocab,Work & Career,At the Office,At School; Job Interview,noun,a specific piece of work that must be done,I completed the most urgent task first.,任務；工作事項,
evocab:client,client,Beginning,A2,E-vocab,Work & Career,At the Office,Job Interview; Shopping; Online Shopping,noun,a person or company that pays for professional services,The client requested a revised design.,客戶,
evocab:document,document,Beginning,A2,E-vocab,Work & Career,At the Office,At School; Shopping; Online Shopping,noun,a written or digital file containing information,Please attach the document to your email.,文件,
evocab:calendar,calendar,Beginning,A2,E-vocab,Work & Career,At the Office,At Home; At School; At a Hotel; Making Friends; Online Shopping,noun,a system or tool that shows dates and planned events,I added the meeting to my calendar.,日曆；行事曆,
evocab:presentation,presentation,Beginning,A2,E-vocab,Work & Career,At the Office,At School; Making Friends; Job Interview,noun,a talk that explains information to an audience,She gave a presentation about the new product.,簡報；發表,
evocab:negotiate,negotiate,Middle,B1,E-vocab,Work & Career,At the Office,Making Friends; Job Interview; Shopping; Online Shopping,verb,to discuss something in order to reach an agreement,We negotiated a later delivery date with the client.,協商；談判,
evocab:efficient,efficient,Middle,B1,E-vocab,Work & Career,At the Office,At Home; At School; At a Supermarket; Job Interview; Shopping; Online Shopping,adjective,working well without wasting time or resources,The new filing system is more efficient.,有效率的,
evocab:productivity,productivity,Middle,B1,E-vocab,Work & Career,At the Office,At School; Job Interview; Online Shopping,noun,the amount of useful work completed in a period of time,Shorter meetings improved the team's productivity.,生產力；工作效率,
evocab:assignment,assignment,Middle,B1,E-vocab,Work & Career,At the Office,At School,noun,a piece of work given to someone,This assignment requires careful research.,指派工作；任務,
evocab:agenda,agenda,Middle,B1,E-vocab,Work & Career,At the Office,At School,noun,a list of subjects to discuss at a meeting,Budget planning is the first item on the agenda.,議程,
evocab:outcome,outcome,Middle,B1,E-vocab,Work & Career,At the Office,At School; Making Friends; Job Interview; Shopping; Online Shopping,noun,the final result of an action or process,The outcome of the meeting was positive.,結果；成果,
evocab:coordinate,coordinate,Middle,B2,E-vocab,Work & Career,At the Office,At School; Making Friends; Job Interview,verb,to organize people or activities so they work together,She coordinated the launch across three departments.,協調；統籌,
evocab:allocate,allocate,Middle,B2,E-vocab,Work & Career,At the Office,At School,verb,"to officially give time, money, or resources for a purpose",The manager allocated more staff to the urgent project.,分配；配置,
evocab:compliance,compliance,Middle,B2,E-vocab,Work & Career,At the Office,At School; Online Shopping,noun,"the act of following a rule, law, or standard",The training ensures compliance with privacy regulations.,遵循；合規,
evocab:stakeholder,stakeholder,Middle,B2,E-vocab,Work & Career,At the Office,At School; Making Friends; Job Interview; Online Shopping,noun,a person or group affected by a project or decision,Each stakeholder received a copy of the proposal.,利害關係人,
evocab:implement,implement,Middle,B2,E-vocab,Work & Career,At the Office,At School; Job Interview; Online Shopping,verb,to put a plan or decision into effect,The company will implement the policy in January.,實施；執行,
evocab:feasibility,feasibility,Middle,B2,E-vocab,Work & Career,At the Office,At School; Job Interview,noun,the likelihood that a plan can be completed successfully,The team studied the feasibility of opening a second office.,可行性,
evocab:strategic,strategic,Advanced,C1,E-vocab,Work & Career,At the Office,At School; Job Interview; Online Shopping,adjective,carefully planned to achieve an important long-term goal,The partnership was a strategic decision rather than a short-term fix.,策略性的,
evocab:procurement,procurement,Advanced,C1,E-vocab,Work & Career,At the Office,At a Supermarket; Shopping; Online Shopping,noun,the process of obtaining goods or services for an organization,The procurement team compared bids from five vendors.,採購,
evocab:discrepancy,discrepancy,Advanced,C1,E-vocab,Work & Career,At the Office,At School; Job Interview,noun,"an unexpected difference between two facts, amounts, or records",The auditor found a discrepancy in the expense report.,差異；不一致,
evocab:mediation,mediation,Advanced,C1,E-vocab,Work & Career,At the Office,At School; Making Friends; Job Interview,noun,help from a neutral person to resolve a disagreement,The departments requested mediation after negotiations failed.,調解；斡旋,
evocab:benchmark,benchmark,Advanced,C1,E-vocab,Work & Career,At the Office,At School; Job Interview,noun,a standard used to compare quality or performance,Customer retention is a useful benchmark for service quality.,基準；標竿,
evocab:autonomy,autonomy,Advanced,C1,E-vocab,Work & Career,At the Office,At Home; At School; Making Friends; Job Interview,noun,the freedom to make decisions and act independently,Experienced employees are given greater autonomy.,自主權；自主性,
evocab:byzantine,byzantine,Advanced,C2,E-vocab,Work & Career,At the Office,Online Shopping,adjective,extremely complicated and difficult to understand,The byzantine approval process delayed a simple purchase.,錯綜複雜的,
evocab:fiduciary,fiduciary,Advanced,C2,E-vocab,Work & Career,At the Office,At School; Job Interview; Online Shopping,adjective,involving a legal duty to protect another party's financial interests,Board members must fulfill their fiduciary responsibilities.,受託責任的；信託的,
evocab:recalcitrant,recalcitrant,Advanced,C2,E-vocab,Work & Career,At the Office,,adjective,stubbornly unwilling to follow rules or cooperate,A recalcitrant vendor repeatedly ignored the contract terms.,抗拒管理的；頑固不合作的,
evocab:prescriptive,prescriptive,Advanced,C2,E-vocab,Work & Career,At the Office,At Home; At School; Job Interview; Online Shopping,adjective,giving exact rules about how something should be done,The policy is deliberately prescriptive about data handling.,規範性的；指令式的,
evocab:myopic,myopic,Advanced,C2,E-vocab,Work & Career,At the Office,At Home; At School; Making Friends; Job Interview; Shopping,adjective,focused on immediate concerns while ignoring long-term effects,Cutting all training would be a myopic response to the budget problem.,短視的；缺乏遠見的,
evocab:meritorious,meritorious,Advanced,C2,E-vocab,Work & Career,At the Office,At School; Making Friends; Job Interview; Shopping,adjective,deserving praise or reward because of excellent performance,The committee recognized her meritorious service to the organization.,值得嘉獎的；有功績的,
evocab:flight,flight,Beginning,A1,E-vocab,Travel & Transportation,At the Airport,,noun,a journey made by airplane,Our flight leaves at six.,航班；飛行,
evocab:seat,seat,Beginning,A1,E-vocab,Travel & Transportation,At the Airport,At the Movies,noun,a place where a passenger sits,My seat is beside the window.,座位,
evocab:suitcase,suitcase,Beginning,A1,E-vocab,Travel & Transportation,At the Airport,At a Hotel,noun,a case used for carrying clothes while traveling,Her suitcase is very heavy.,行李箱,
evocab:pilot,pilot,Beginning,A1,E-vocab,Travel & Transportation,At the Airport,,noun,a person who flies an aircraft,The pilot welcomed everyone aboard.,飛行員,
evocab:airport,airport,Beginning,A1,E-vocab,Travel & Transportation,At the Airport,,noun,a place where airplanes arrive and leave,We arrived at the airport early.,機場,
evocab:map,map,Beginning,A1,E-vocab,Travel & Transportation,At the Airport,Taking the Subway,noun,a picture that shows where places are,The airport map shows every gate.,地圖,
evocab:check-in,check-in,Beginning,A2,E-vocab,Travel & Transportation,At the Airport,At a Hotel,noun,the process of registering for a flight and receiving a boarding pass,Online check-in opens twenty-four hours before departure.,報到；辦理登機,
evocab:carry-on,carry-on,Beginning,A2,E-vocab,Travel & Transportation,At the Airport,,noun,a small bag that a passenger takes onto an airplane,My carry-on fits under the seat.,隨身行李,
evocab:customs,customs,Beginning,A2,E-vocab,Travel & Transportation,At the Airport,,noun,the government checkpoint for goods entering a country,We declared the food at customs.,海關,
evocab:arrival,arrival,Beginning,A2,E-vocab,Travel & Transportation,At the Airport,Making Friends,noun,the act or time of reaching a place,The board shows an arrival time of 8:15.,抵達；到達時間,
evocab:aisle,aisle,Beginning,A2,E-vocab,Travel & Transportation,At the Airport,,noun,the passage between rows of seats,She requested an aisle seat.,走道,Everyday English (Beginning)
evocab:terminal,terminal,Beginning,A2,E-vocab,Travel & Transportation,At the Airport,,noun,a large airport building used by passengers,The shuttle goes to Terminal 2.,航廈,
evocab:layover,layover,Middle,B1,E-vocab,Travel & Transportation,At the Airport,,noun,a period spent waiting between connecting flights,We have a three-hour layover in Los Angeles.,轉機停留時間,
evocab:baggage-claim,baggage claim,Middle,B1,E-vocab,Travel & Transportation,At the Airport,At a Hotel,noun,the airport area where passengers collect checked bags,Meet me near baggage claim after the flight.,行李提領區,
evocab:cancel,cancel,Middle,B1,E-vocab,Travel & Transportation,At the Airport,,verb,to decide that a planned flight or event will not happen,The airline canceled the last flight of the evening.,取消,
evocab:overhead-bin,overhead bin,Middle,B1,E-vocab,Travel & Transportation,At the Airport,,noun,a storage space above airplane seats,Place your bag in the overhead bin.,座位上方行李櫃,
evocab:boarding-pass,boarding pass,Middle,B1,E-vocab,Travel & Transportation,At the Airport,,noun,a document that allows a passenger to board a flight,Keep your boarding pass ready at the gate.,登機證,
evocab:immigration,immigration,Middle,B1,E-vocab,Travel & Transportation,At the Airport,,noun,the official process of checking travelers who enter a country,We waited in line at immigration.,入境審查；移民檢查,
evocab:diversion,diversion,Middle,B2,E-vocab,Travel & Transportation,At the Airport,,noun,a change that sends a flight to a different airport,A medical emergency caused a diversion to another city.,改降；轉向,
evocab:compensation,compensation,Middle,B2,E-vocab,Travel & Transportation,At the Airport,At a Hotel; Shopping,noun,money or another benefit given for loss or inconvenience,Passengers requested compensation for the overnight delay.,補償；賠償,
evocab:standby,standby,Middle,B2,E-vocab,Travel & Transportation,At the Airport,,noun,a waiting status for a seat that may become available,We flew standby and received the final two seats.,候補,
evocab:overbooked,overbooked,Middle,B2,E-vocab,Travel & Transportation,At the Airport,,adjective,sold to more passengers than there are available seats,"The flight was overbooked, so the airline asked for volunteers.",超額訂位的,
evocab:clearance,clearance,Middle,B2,E-vocab,Travel & Transportation,At the Airport,At a Hotel,noun,official permission to proceed or enter,The aircraft waited for clearance to take off.,許可；通關,
evocab:transit,transit,Middle,B2,E-vocab,Travel & Transportation,At the Airport,,noun,the process of passing through a place while traveling elsewhere,Transit passengers must follow the purple signs.,過境；轉運,
evocab:aviation,aviation,Advanced,C1,E-vocab,Travel & Transportation,At the Airport,,noun,the activity and industry of flying aircraft,New aviation rules changed the crew's work schedule.,航空；航空業,
evocab:regulation,regulation,Advanced,C1,E-vocab,Travel & Transportation,At the Airport,At a Supermarket; Online Shopping,noun,an official rule made by an authority,The regulation limits liquids in carry-on bags.,規章；法規,
evocab:verification,verification,Advanced,C1,E-vocab,Travel & Transportation,At the Airport,At a Hotel; At a Supermarket; Shopping; Online Shopping,noun,the process of checking that information is true or valid,Identity verification is required before boarding.,驗證；核實,
evocab:displacement,displacement,Advanced,C1,E-vocab,Travel & Transportation,At the Airport,,noun,the forced movement of people from their intended place or route,The closure caused the displacement of thousands of travelers.,被迫移動；旅程受阻,
evocab:airport-coordination,coordination,Advanced,C1,E-vocab,Travel & Transportation,At the Airport,At a Hotel,noun,the organization of people or systems so they work together,Close coordination between the airline and airport reduced delays.,協調；統籌,
evocab:waiver,waiver,Advanced,C1,E-vocab,Travel & Transportation,At the Airport,,noun,"an official decision not to require a rule, fee, or right",The airline issued a travel waiver before the storm.,豁免；免除文件,
evocab:extraterritorial,extraterritorial,Advanced,C2,E-vocab,Travel & Transportation,At the Airport,,adjective,extending beyond the normal legal boundaries of a country,Some aviation laws have extraterritorial effects.,域外的；具有域外效力的,
evocab:disembarkation,disembarkation,Advanced,C2,E-vocab,Travel & Transportation,At the Airport,,noun,the process of leaving an aircraft or ship,Disembarkation was delayed while medical staff boarded the plane.,下機；下船,
evocab:indemnification,indemnification,Advanced,C2,E-vocab,Travel & Transportation,At the Airport,At a Hotel; At a Supermarket; Shopping; Online Shopping,noun,legal protection or payment for a loss or liability,The contract specifies indemnification for damaged cargo.,賠償保障；補償責任,
evocab:airworthiness,airworthiness,Advanced,C2,E-vocab,Travel & Transportation,At the Airport,,noun,the condition of being safe and suitable for flight,Inspectors must certify the aircraft's airworthiness.,適航性,
evocab:bilateral,bilateral,Advanced,C2,E-vocab,Travel & Transportation,At the Airport,At a Hotel,adjective,"involving two countries, groups, or parties",A bilateral agreement expanded flights between the two countries.,雙邊的,
evocab:embarkation,embarkation,Advanced,C2,E-vocab,Travel & Transportation,At the Airport,,noun,the formal process of boarding an aircraft or ship,Document checks slowed embarkation for the international flight.,登機；登船程序,
evocab:pain,pain,Beginning,A1,E-vocab,Health & Body,At the Doctor,At the Dentist,noun,an unpleasant physical feeling caused by illness or injury,I have pain in my shoulder.,疼痛,
evocab:head,head,Beginning,A1,E-vocab,Health & Body,At the Doctor,,noun,"the upper part of the body containing the brain, eyes, nose, and mouth",My head hurts today.,頭；頭部,
evocab:stomach,stomach,Beginning,A1,E-vocab,Health & Body,At the Doctor,,noun,the organ where food begins to be digested,She has pain in her stomach.,胃；腹部,
evocab:sleep,sleep,Beginning,A1,E-vocab,Health & Body,At the Doctor,At Home,noun,the natural state of rest when the body and mind recover,I need more sleep.,睡眠,
evocab:hurt,hurt,Beginning,A1,E-vocab,Health & Body,At the Doctor,,verb,to feel pain in a part of the body,Does your knee hurt when you walk?,疼痛；受傷,
evocab:clinic,clinic,Beginning,A1,E-vocab,Health & Body,At the Doctor,,noun,a place where people receive medical care,The clinic opens at eight.,診所,
evocab:allergy,allergy,Beginning,A2,E-vocab,Health & Body,At the Doctor,At Home; At a Hotel; At a Supermarket,noun,a physical reaction to something that is usually harmless,He has an allergy to peanuts.,過敏；過敏症,
evocab:pharmacy,pharmacy,Beginning,A2,E-vocab,Health & Body,At the Doctor,At Home; At a Supermarket,noun,a store or department where medicines are prepared and sold,You can pick up the medicine at the pharmacy.,藥局；藥房,
evocab:blood-pressure,blood pressure,Beginning,A2,E-vocab,Health & Body,At the Doctor,,noun,the force of blood moving through the body's blood vessels,The nurse measured my blood pressure.,血壓,
evocab:headache,headache,Beginning,A2,E-vocab,Health & Body,At the Doctor,At the Pharmacy,noun,pain felt in the head,I developed a headache after lunch.,頭痛,
evocab:checkup,checkup,Beginning,A2,E-vocab,Health & Body,At the Doctor,At Home,noun,a routine medical examination,I have a yearly checkup in May.,健康檢查；例行檢查,
evocab:bandage,bandage,Beginning,A2,E-vocab,Health & Body,At the Doctor,,noun,material placed over or around an injury,Keep the bandage clean and dry.,繃帶,
evocab:infection,infection,Middle,B1,E-vocab,Health & Body,At the Doctor,,noun,an illness caused by harmful organisms entering the body,The wound showed signs of infection.,感染,
evocab:examination,examination,Middle,B1,E-vocab,Health & Body,At the Doctor,,noun,a careful medical check of a patient's body or condition,The examination took about twenty minutes.,檢查；診察,
evocab:dosage,dosage,Middle,B1,E-vocab,Health & Body,At the Doctor,At a Supermarket,noun,the amount of medicine that should be taken,Do not change the dosage without asking your doctor.,劑量,
evocab:medical-history,medical history,Middle,B1,E-vocab,Health & Body,At the Doctor,,noun,a record of a person's past illnesses and treatments,The doctor reviewed my medical history.,病史,
evocab:specialist,specialist,Middle,B1,E-vocab,Health & Body,At the Doctor,,noun,a doctor with advanced knowledge in one area of medicine,My doctor referred me to a heart specialist.,專科醫師,
evocab:preventive,preventive,Middle,B1,E-vocab,Health & Body,At the Doctor,At Home; At a Supermarket,adjective,intended to stop illness before it happens,Vaccination is an important form of preventive care.,預防性的,
evocab:inflammation,inflammation,Middle,B2,E-vocab,Health & Body,At the Doctor,,noun,"redness, swelling, heat, or pain in part of the body",The scan showed inflammation around the joint.,發炎；炎症,
evocab:immunity,immunity,Middle,B2,E-vocab,Health & Body,At the Doctor,,noun,the body's ability to resist a particular disease,The vaccine helps the body develop immunity.,免疫力；免疫,
evocab:hereditary,hereditary,Middle,B2,E-vocab,Health & Body,At the Doctor,,adjective,passed genetically from parents to children,The condition may be hereditary.,遺傳的,
evocab:monitor,monitor,Middle,B2,E-vocab,Health & Body,At the Doctor,At Home,verb,to watch or measure a condition carefully over time,The doctor will monitor your blood pressure.,監測；追蹤,Everyday English (Advanced)
evocab:complication,complication,Middle,B2,E-vocab,Health & Body,At the Doctor,,noun,an additional medical problem that makes a condition harder to treat,Early treatment reduced the risk of complications.,併發症,
evocab:rehabilitation,rehabilitation,Middle,B2,E-vocab,Health & Body,At the Doctor,At Home,noun,treatment that helps someone regain health or ability,Rehabilitation helped her walk again after surgery.,復健；康復治療,
evocab:pathology,pathology,Advanced,C1,E-vocab,Health & Body,At the Doctor,,noun,the study and diagnosis of disease through changes in the body,The tissue sample was sent to pathology.,病理學；病理狀況,
evocab:remission,remission,Advanced,C1,E-vocab,Health & Body,At the Doctor,,noun,a period when the signs of a serious illness are reduced or absent,The patient has been in remission for two years.,緩解期,
evocab:adverse,adverse,Advanced,C1,E-vocab,Health & Body,At the Doctor,,adjective,harmful or unfavorable,Report any adverse reaction to the medication.,不良的；有害的,
evocab:screening,screening,Advanced,C1,E-vocab,Health & Body,At the Doctor,At Home,noun,testing people for a disease before symptoms appear,Regular screening can detect some cancers early.,篩檢,
evocab:therapeutic,therapeutic,Advanced,C1,E-vocab,Health & Body,At the Doctor,At Home,adjective,related to treating illness or improving health,The exercise has both physical and therapeutic benefits.,治療性的,
evocab:prevalence,prevalence,Advanced,C1,E-vocab,Health & Body,At the Doctor,At Home,noun,the proportion of people in a population who have a condition,The study measured the prevalence of asthma in children.,盛行率；普遍程度,
evocab:etiology,etiology,Advanced,C2,E-vocab,Health & Body,At the Doctor,,noun,the cause or set of causes of a disease,The etiology of the disorder remains uncertain.,病因學；病因,
evocab:pathogenesis,pathogenesis,Advanced,C2,E-vocab,Health & Body,At the Doctor,,noun,the biological process through which a disease develops,Researchers are studying the pathogenesis of the infection.,發病機制,
evocab:asymptomatic,asymptomatic,Advanced,C2,E-vocab,Health & Body,At the Doctor,At Home,adjective,having a disease or condition without noticeable symptoms,Some infected patients remain asymptomatic.,無症狀的,
evocab:nosocomial,nosocomial,Advanced,C2,E-vocab,Health & Body,At the Doctor,,adjective,originating or acquired in a hospital,Strict hygiene reduces nosocomial infections.,院內感染的,
evocab:pharmacokinetics,pharmacokinetics,Advanced,C2,E-vocab,Health & Body,At the Doctor,At Home,noun,the study of how a drug moves through and is processed by the body,Age can significantly affect a drug's pharmacokinetics.,藥物動力學,
evocab:sequela,sequela,Advanced,C2,E-vocab,Health & Body,At the Doctor,At Home,noun,a condition that remains as a consequence of an earlier illness or injury,Chronic fatigue can be a sequela of the infection.,後遺症,
evocab:home-bed,bed,Beginning,A1,E-vocab,Home & Living,At Home,,noun,furniture used for sleeping,I made the bed this morning.,床,
evocab:home-kitchen,kitchen,Beginning,A1,E-vocab,Home & Living,At Home,,noun,a room where food is prepared,Dad is cooking in the kitchen.,廚房,
evocab:home-bedroom,bedroom,Beginning,A2,E-vocab,Home & Living,At Home,,noun,a room used mainly for sleeping,My bedroom is upstairs.,臥室,
evocab:home-laundry,laundry,Beginning,A2,E-vocab,Home & Living,At Home,,noun,clothes and fabric that need washing,I do the laundry on Saturday.,待洗衣物；洗衣,
evocab:home-household,household,Middle,B1,E-vocab,Home & Living,At Home,,noun,people who live together in one home,Everyone in the household shares the chores.,家庭；家戶,
evocab:home-appliance,appliance,Middle,B1,E-vocab,Home & Living,At Home,,noun,a machine used for a household task,This appliance uses little electricity.,家用電器,
evocab:home-maintenance,maintenance,Middle,B2,E-vocab,Home & Living,At Home,,noun,work that keeps something in good condition,Regular maintenance prevents expensive repairs.,維護；保養,
evocab:home-clutter,clutter,Middle,B2,E-vocab,Home & Living,At Home,,noun,untidy things that take up space,We cleared the clutter from the hallway.,雜物；凌亂物品,
evocab:home-domesticity,domesticity,Advanced,C1,E-vocab,Home & Living,At Home,,noun,home life and its activities,The novel presents domesticity as both comforting and demanding.,家庭生活；家務生活,
evocab:home-renovation,renovation,Advanced,C1,E-vocab,Home & Living,At Home,,noun,repairing and improving a building,The kitchen renovation took six weeks.,翻修；整修,
evocab:home-domiciliary,domiciliary,Advanced,C2,E-vocab,Home & Living,At Home,,adjective,provided in a person's home,The agency offers domiciliary care.,居家的；住所相關的,
evocab:home-cohabitation,cohabitation,Advanced,C2,E-vocab,Home & Living,At Home,,noun,living together in the same home,Cohabitation requires clear expectations about expenses.,同居；共同居住,
evocab:school-student,student,Beginning,A1,E-vocab,School & Learning,At School,,noun,a person who studies at a school,The student asked a question.,學生,
evocab:school-teacher,teacher,Beginning,A1,E-vocab,School & Learning,At School,,noun,a person whose job is helping others learn,Our teacher explained the lesson clearly.,老師；教師,
evocab:school-class,class,Beginning,A2,E-vocab,School & Learning,At School,,noun,a lesson or group learning together,Our math class begins at nine.,課堂；班級,
evocab:school-homework,homework,Beginning,A2,E-vocab,School & Learning,At School,In the Classroom,noun,schoolwork completed outside class,I finished my homework before dinner.,家庭作業,
evocab:school-curriculum,curriculum,Middle,B1,E-vocab,School & Learning,At School,,noun,the subjects and content taught by a school,The curriculum includes science and art.,課程；課綱,
evocab:school-grade,grade,Middle,B1,E-vocab,School & Learning,At School,Taking a Test,noun,a score given for academic work,She received a high grade on the essay.,成績；分數,
evocab:school-academic,academic,Middle,B2,E-vocab,School & Learning,At School,,adjective,connected with education or scholarly work,The program provides academic support.,學術的；課業的,
evocab:school-enroll,enroll,Middle,B2,E-vocab,School & Learning,At School,,verb,to officially join a course or school,Students can enroll online next week.,註冊；入學,
evocab:school-pedagogy,pedagogy,Advanced,C1,E-vocab,School & Learning,At School,In the Classroom,noun,the theory and practice of teaching,The course examines language pedagogy.,教學法；教育學,
evocab:school-literacy,literacy,Advanced,C1,E-vocab,School & Learning,At School,,noun,"the ability to read, write, or use knowledge",Digital literacy is essential for students.,讀寫能力；素養,
evocab:school-epistemology,epistemology,Advanced,C2,E-vocab,School & Learning,At School,,noun,the study of knowledge and its justification,The seminar linked scientific method to epistemology.,知識論；認識論,
evocab:school-matriculation,matriculation,Advanced,C2,E-vocab,School & Learning,At School,,noun,formal admission into a university,Matriculation requires verified records.,入學註冊,
evocab:hotel-room,room,Beginning,A1,E-vocab,Home & Living,At a Hotel,Renting an Apartment,noun,a space inside a building separated by walls,Our room is on the fifth floor.,房間,
evocab:hotel-key,key,Beginning,A1,E-vocab,Home & Living,At a Hotel,Renting an Apartment,noun,an object or card used to open a lock,I left my room key at the desk.,鑰匙；房卡,
evocab:hotel-reservation,reservation,Beginning,A2,E-vocab,Home & Living,At a Hotel,At a Restaurant,noun,an arrangement to keep a room for someone,I made a reservation for two nights.,預訂；預約,
evocab:hotel-lobby,lobby,Beginning,A2,E-vocab,Home & Living,At a Hotel,,noun,the entrance area of a hotel,Let's meet in the hotel lobby.,大廳,
evocab:hotel-vacancy,vacancy,Middle,B1,E-vocab,Home & Living,At a Hotel,,noun,an available room in a hotel,The hotel had one vacancy.,空房,
evocab:hotel-checkout,checkout,Middle,B1,E-vocab,Home & Living,At a Hotel,,noun,the process of paying and leaving a hotel,Checkout is at eleven.,退房,
evocab:hotel-amenity,amenity,Middle,B2,E-vocab,Home & Living,At a Hotel,,noun,a useful service provided for guests,The pool is a popular amenity.,便利設施；服務,
evocab:hotel-concierge,concierge,Middle,B2,E-vocab,Home & Living,At a Hotel,,noun,a hotel employee who assists guests,The concierge booked a restaurant.,禮賓人員,
evocab:hotel-occupancy,occupancy,Advanced,C1,E-vocab,Home & Living,At a Hotel,,noun,the proportion of rooms being used,Weekend occupancy reached ninety percent.,住房率；入住情況,
evocab:hotel-upgrade,upgrade,Advanced,C1,E-vocab,Home & Living,At a Hotel,,noun,a move to a better room or service,The hotel gave us a complimentary upgrade.,升等；升級,
evocab:hotel-turndown-service,turndown-service,Advanced,C2,E-vocab,Home & Living,At a Hotel,,noun,evening preparation of a hotel room,Turndown service included fresh towels.,夜床服務,
evocab:hotel-incidental-charge,incidental-charge,Advanced,C2,E-vocab,Home & Living,At a Hotel,,noun,a hotel cost beyond the room rate,The deposit covers any incidental charge.,雜項費用,
evocab:supermarket-food,food,Beginning,A1,E-vocab,Food & Drink,At a Supermarket,,noun,things that people eat,We need food for dinner.,食物,
evocab:supermarket-cart,cart,Beginning,A1,E-vocab,Food & Drink,At a Supermarket,,noun,a wheeled basket used for groceries,Put the vegetables in the cart.,購物車,
evocab:supermarket-grocery,grocery,Beginning,A2,E-vocab,Food & Drink,At a Supermarket,,noun,food and household goods sold in a store,This store offers grocery delivery.,食品雜貨,
evocab:supermarket-price,price,Beginning,A2,E-vocab,Food & Drink,At a Supermarket,,noun,the money needed to buy something,The price is printed on the shelf.,價格,
evocab:supermarket-produce,produce,Middle,B1,E-vocab,Food & Drink,At a Supermarket,,noun,fresh fruit and vegetables sold in a store,The produce section has local apples.,生鮮蔬果,
evocab:supermarket-label,label,Middle,B1,E-vocab,Food & Drink,At a Supermarket,,noun,information attached to a product,Read the label before buying the cereal.,標籤,
evocab:supermarket-bulk,bulk,Middle,B2,E-vocab,Food & Drink,At a Supermarket,,adjective,sold in large amounts without individual packaging,Rice is cheaper when purchased in bulk.,散裝的；大量的,
evocab:supermarket-organic,organic,Middle,B2,E-vocab,Food & Drink,At a Supermarket,,adjective,produced without most artificial chemicals,The store sells organic vegetables.,有機的,
evocab:supermarket-perishable,perishable,Advanced,C1,E-vocab,Food & Drink,At a Supermarket,,adjective,likely to spoil quickly,Perishable food must be kept cold.,易腐壞的,
evocab:supermarket-unit-price,unit-price,Advanced,C1,E-vocab,Food & Drink,At a Supermarket,,noun,the cost of a standard amount,The unit price showed which package was cheaper.,單位價格,
evocab:supermarket-traceability,traceability,Advanced,C2,E-vocab,Food & Drink,At a Supermarket,,noun,the ability to track a product's origin,Digital records improve food traceability.,可追溯性,
evocab:supermarket-adulteration,adulteration,Advanced,C2,E-vocab,Food & Drink,At a Supermarket,,noun,making food impure with inferior substances,Testing revealed adulteration in the oil.,摻假；攙偽,
evocab:friends-name,name,Beginning,A1,E-vocab,People & Relationships,Making Friends,,noun,the word used to identify a person,My name is Mia.,名字,
evocab:friends-friend,friend,Beginning,A1,E-vocab,People & Relationships,Making Friends,,noun,a person you know and like,He is a good friend.,朋友,
evocab:friends-hobby,hobby,Beginning,A2,E-vocab,People & Relationships,Making Friends,Talking About Hobbies,noun,an activity enjoyed in free time,Photography is my hobby.,嗜好,
evocab:friends-invite,invite,Beginning,A2,E-vocab,People & Relationships,Making Friends,,verb,to ask someone to join an activity,I invited her to lunch.,邀請,
evocab:friends-conversation,conversation,Middle,B1,E-vocab,People & Relationships,Making Friends,,noun,an informal talk between people,We had a long conversation.,談話,
evocab:friends-friendship,friendship,Middle,B1,E-vocab,People & Relationships,Making Friends,,noun,a caring relationship between friends,Their friendship began at school.,友誼,
evocab:friends-mutual,mutual,Middle,B2,E-vocab,People & Relationships,Making Friends,,adjective,shared by two or more people,We discovered a mutual interest.,共同的；相互的,
evocab:friends-supportive,supportive,Middle,B2,E-vocab,People & Relationships,Making Friends,,adjective,giving help and encouragement,A supportive friend listens carefully.,支持的,
evocab:friends-rapport,rapport,Advanced,C1,E-vocab,People & Relationships,Making Friends,Making Small Talk,noun,a comfortable and trusting relationship,They developed rapport quickly.,融洽關係,
evocab:friends-compatibility,compatibility,Advanced,C1,E-vocab,People & Relationships,Making Friends,,noun,the ability to exist happily together,Shared values improved their compatibility.,相容性；合得來,
evocab:friends-camaraderie,camaraderie,Advanced,C2,E-vocab,People & Relationships,Making Friends,,noun,warm friendship within a group,The team developed strong camaraderie.,情誼；夥伴情感,
evocab:friends-conviviality,conviviality,Advanced,C2,E-vocab,People & Relationships,Making Friends,,noun,a friendly and cheerful social atmosphere,Music added to the evening's conviviality.,歡樂友善的氣氛,
evocab:interview-job,job,Beginning,A1,E-vocab,Work & Career,Job Interview,,noun,regular work done for pay,I applied for the job.,工作；職位,
evocab:interview-work,work,Beginning,A1,E-vocab,Work & Career,Job Interview,,noun,activities done as part of a job,I enjoy my work.,工作,
evocab:interview-resume,resume,Beginning,A2,E-vocab,Work & Career,Job Interview,,noun,a document summarizing education and work history,Bring a copy of your resume.,履歷,
evocab:interview-experience,experience,Beginning,A2,E-vocab,Work & Career,Job Interview,,noun,knowledge gained by doing something,She has five years of experience.,經驗,Everyday English (Beginning)
evocab:interview-qualification,qualification,Middle,B1,E-vocab,Work & Career,Job Interview,,noun,a skill or achievement needed for a job,Teaching experience is a key qualification.,資格；資歷,
evocab:interview-strength,strength,Middle,B1,E-vocab,Work & Career,Job Interview,,noun,a skill or quality someone does well,Communication is one of my strengths.,優勢；長處,
evocab:interview-competency,competency,Middle,B2,E-vocab,Work & Career,Job Interview,,noun,an ability needed to perform a job effectively,Leadership is a core competency.,職能；能力,
evocab:interview-candidate,candidate,Middle,B2,E-vocab,Work & Career,Job Interview,,noun,a person being considered for a job,Each candidate completed an interview.,候選人；求職者,
evocab:interview-articulate,articulate,Advanced,C1,E-vocab,Work & Career,Job Interview,In the Classroom,verb,to express ideas clearly and effectively,She articulated her goals confidently.,清楚表達,
evocab:interview-credentials,credentials,Advanced,C1,E-vocab,Work & Career,Job Interview,,noun,qualifications proving ability or authority,The employer verified his credentials.,資格證明；資歷,
evocab:interview-employability,employability,Advanced,C2,E-vocab,Work & Career,Job Interview,,noun,the qualities that make someone likely to gain work,Internships can improve employability.,就業能力,
evocab:interview-remuneration,remuneration,Advanced,C2,E-vocab,Work & Career,Job Interview,,noun,money paid for work or services,The package includes competitive remuneration.,薪酬；報酬,
evocab:shopping-store,store,Beginning,A1,E-vocab,Shopping & Money,Shopping,,noun,a place where goods are sold,The store closes at nine.,商店,
evocab:shopping-shirt,shirt,Beginning,A1,E-vocab,Shopping & Money,Shopping,,noun,clothing worn on the upper body,This shirt is blue.,襯衫；上衣,
evocab:shopping-size,size,Beginning,A2,E-vocab,Shopping & Money,Shopping,,noun,a measurement showing how large something is,Do you have this in my size?,尺寸；尺碼,
evocab:shopping-discount,discount,Beginning,A2,E-vocab,Shopping & Money,Shopping,,noun,a reduction in the usual price,The jacket has a twenty percent discount.,折扣,
evocab:shopping-bargain,bargain,Middle,B1,E-vocab,Shopping & Money,Shopping,At the Night Market,noun,something sold for less than its usual value,The shoes were a real bargain.,划算的商品,
evocab:shopping-refund,refund,Middle,B1,E-vocab,Shopping & Money,Shopping,Returning an Item,noun,money returned after a purchase is canceled,The store issued a full refund.,退款,
evocab:shopping-durable,durable,Middle,B2,E-vocab,Shopping & Money,Shopping,,adjective,able to remain useful for a long time,The bag is lightweight but durable.,耐用的,
evocab:shopping-warranty,warranty,Middle,B2,E-vocab,Shopping & Money,Shopping,Returning an Item,noun,a promise to repair or replace a product,The laptop includes a two-year warranty.,保固；保證,
evocab:shopping-consumer,consumer,Advanced,C1,E-vocab,Shopping & Money,Shopping,,noun,a person who buys goods or services,Consumers increasingly compare prices online.,消費者,
evocab:shopping-merchandise,merchandise,Advanced,C1,E-vocab,Shopping & Money,Shopping,,noun,goods offered for sale,Seasonal merchandise filled the entrance.,商品；貨品,
evocab:shopping-discretionary,discretionary,Advanced,C2,E-vocab,Shopping & Money,Shopping,,adjective,optional rather than necessary,Luxury goods are discretionary purchases.,非必要的；可自由支配的,
evocab:shopping-counterfeit,counterfeit,Advanced,C2,E-vocab,Shopping & Money,Shopping,,adjective,made to look genuine in order to deceive,The marketplace removed counterfeit products.,仿冒的；偽造的,
evocab:online-shopping-website,website,Beginning,A1,E-vocab,Shopping & Money,Online Shopping,,noun,a group of connected pages on the internet,I found the item on the website.,網站,
evocab:online-shopping-button,button,Beginning,A1,E-vocab,Shopping & Money,Online Shopping,,noun,a control clicked to perform an action,Click the green button.,按鈕,
evocab:online-shopping-account,account,Beginning,A2,E-vocab,Shopping & Money,Online Shopping,At the Bank,noun,a personal record used to access an online service,Create an account before ordering.,帳戶,
evocab:online-shopping-password,password,Beginning,A2,E-vocab,Shopping & Money,Online Shopping,,noun,a secret set of characters used for access,Choose a strong password.,密碼,
evocab:online-shopping-shipping,shipping,Middle,B1,E-vocab,Shopping & Money,Online Shopping,,noun,the process or cost of sending goods,Shipping is free this week.,運送；運費,
evocab:online-shopping-review,review,Middle,B1,E-vocab,Shopping & Money,Online Shopping,,noun,a customer's opinion about a product,I read every review before buying.,評論；評價,
evocab:online-shopping-tracking,tracking,Middle,B2,E-vocab,Shopping & Money,Online Shopping,,noun,the process of following a package's location,Tracking shows that the package arrives tomorrow.,物流追蹤,
evocab:online-shopping-transaction,transaction,Middle,B2,E-vocab,Shopping & Money,Online Shopping,At the Bank,noun,an exchange or payment between parties,The bank blocked the unusual transaction.,交易,
evocab:online-shopping-authentication,authentication,Advanced,C1,E-vocab,Shopping & Money,Online Shopping,,noun,verification that a user is genuine,Two-step authentication protects the account.,身分驗證,
evocab:online-shopping-fulfillment,fulfillment,Advanced,C1,E-vocab,Shopping & Money,Online Shopping,,noun,the process of preparing and sending customer orders,Fast fulfillment improved customer satisfaction.,訂單履行,
evocab:online-shopping-interoperability,interoperability,Advanced,C2,E-vocab,Shopping & Money,Online Shopping,,noun,the ability of systems to work together,Platform interoperability simplified payment processing.,互通性；互操作性,
evocab:online-shopping-chargeback,chargeback,Advanced,C2,E-vocab,Shopping & Money,Online Shopping,,noun,a payment reversal requested through a card issuer,The customer filed a chargeback for the missing order.,信用卡拒付；撤銷付款,
evocab:restaurant-dinner,dinner,Beginning,A1,E-vocab,Food & Drink,At a Restaurant,,noun,the main meal of the evening,We had dinner at a small Italian restaurant.,晚餐,
evocab:restaurant-fork,fork,Beginning,A1,E-vocab,Food & Drink,At a Restaurant,,noun,a tool with points used to pick up food,"Could I get a clean fork, please?",叉子,
evocab:restaurant-hungry,hungry,Beginning,A1,E-vocab,Food & Drink,At a Restaurant,,adjective,wanting or needing food,I'm hungry—let's order now.,餓的,
evocab:restaurant-dessert,dessert,Beginning,A2,E-vocab,Food & Drink,At a Restaurant,,noun,sweet food eaten at the end of a meal,We were too full to order dessert.,甜點,
evocab:restaurant-check,check,Beginning,A2,E-vocab,Food & Drink,At a Restaurant,,noun,the bill you pay at a restaurant (American English),"Can we get the check, please?",帳單,
evocab:restaurant-tip,tip,Beginning,A2,E-vocab,Food & Drink,At a Restaurant,,noun,extra money you give a server for good service,"In the US, people usually leave a 15–20% tip.",小費,
evocab:restaurant-booth,booth,Middle,B1,E-vocab,Food & Drink,At a Restaurant,,noun,a restaurant table with high-backed seats on each side,Could we sit in a booth by the window?,卡座,
evocab:restaurant-appetizer,appetizer,Middle,B1,E-vocab,Food & Drink,At a Restaurant,,noun,a small dish eaten before the main meal,We shared an appetizer of fried calamari.,開胃菜,
evocab:restaurant-entr-e,entrée,Middle,B2,E-vocab,Food & Drink,At a Restaurant,,noun,the main dish of a meal (American English),The steak is the most popular entrée.,主菜,
evocab:restaurant-split,split,Middle,B2,E-vocab,Food & Drink,At a Restaurant,,verb,to share the cost of something,Let's split the check three ways.,分攤（費用）,
evocab:restaurant-palatable,palatable,Advanced,C1,E-vocab,Food & Drink,At a Restaurant,,adjective,pleasant or acceptable to taste,The sauce made the dry chicken more palatable.,可口的；可接受的,
evocab:restaurant-gratuity,gratuity,Advanced,C2,E-vocab,Food & Drink,At a Restaurant,,noun,a formal word for a tip,An 18% gratuity is added for groups of six or more.,小費；服務費,
evocab:night-market-cheap,cheap,Beginning,A1,E-vocab,Food & Drink,At the Night Market,,adjective,costing little money,The snacks here are cheap and delicious.,便宜的,
evocab:night-market-busy,busy,Beginning,A1,E-vocab,Food & Drink,At the Night Market,,adjective,full of people and activity,The night market is busy on Saturday night.,熱鬧的；人多的,
evocab:night-market-smell,smell,Beginning,A1,E-vocab,Food & Drink,At the Night Market,,noun,what you notice with your nose,The smell of grilled corn is everywhere.,味道；氣味,
evocab:night-market-spicy,spicy,Beginning,A2,E-vocab,Food & Drink,At the Night Market,,adjective,"having a hot, burning taste",Is the tofu very spicy?,辣的,
evocab:night-market-line,line,Beginning,A2,E-vocab,Food & Drink,At the Night Market,,noun,a row of people waiting their turn,We waited in line for twenty minutes.,排隊的人龍,
evocab:night-market-snack,snack,Beginning,A2,E-vocab,Food & Drink,At the Night Market,,noun,a small amount of food eaten between meals,Bubble tea and fried chicken are popular snacks.,小吃；點心,
evocab:night-market-stall,stall,Middle,B1,E-vocab,Food & Drink,At the Night Market,,noun,a small table or booth where things are sold,My favorite stall sells pepper buns.,攤位,
evocab:night-market-sample,sample,Middle,B1,E-vocab,Food & Drink,At the Night Market,,verb,to try a small amount of food,You can sample the sausage before you buy.,試吃,
evocab:night-market-skewer,skewer,Middle,B2,E-vocab,Food & Drink,At the Night Market,,noun,a long thin stick that holds pieces of food while cooking,He bought three skewers of grilled squid.,竹籤；串燒,
evocab:night-market-vendor,vendor,Middle,B2,E-vocab,Food & Drink,At the Night Market,,noun,"a person who sells things, often outdoors",The vendor added extra basil for free.,攤販；小販,
evocab:night-market-pungent,pungent,Advanced,C1,E-vocab,Food & Drink,At the Night Market,,adjective,"having a strong, sharp smell or taste",The pungent smell of stinky tofu surprised the tourists.,刺鼻的；味道濃烈的,
evocab:night-market-gastronomic,gastronomic,Advanced,C2,E-vocab,Food & Drink,At the Night Market,,adjective,relating to good food and cooking,The night market is a gastronomic adventure for visitors.,美食的,
evocab:kitchen-cook,cook,Beginning,A1,E-vocab,Food & Drink,In the Kitchen,,verb,to make food by heating it,My dad cooks dinner every evening.,煮；做飯,
evocab:kitchen-knife,knife,Beginning,A1,E-vocab,Food & Drink,In the Kitchen,,noun,a tool with a sharp blade for cutting,Be careful—that knife is sharp.,刀子,
evocab:kitchen-plate,plate,Beginning,A1,E-vocab,Food & Drink,In the Kitchen,,noun,a flat dish that food is served on,Put the rice on a plate.,盤子,
evocab:kitchen-boil,boil,Beginning,A2,E-vocab,Food & Drink,In the Kitchen,,verb,to heat liquid until it bubbles,Boil the noodles for three minutes.,煮沸；水煮,
evocab:kitchen-fry,fry,Beginning,A2,E-vocab,Food & Drink,In the Kitchen,,verb,to cook food in hot oil,She fried two eggs for breakfast.,油炸；煎,
evocab:kitchen-recipe,recipe,Beginning,A2,E-vocab,Food & Drink,In the Kitchen,,noun,instructions for making a dish,This recipe is from my grandmother.,食譜,
evocab:kitchen-chop,chop,Middle,B1,E-vocab,Food & Drink,In the Kitchen,,verb,to cut something into small pieces,Chop the garlic finely.,切碎；剁,
evocab:kitchen-stir,stir,Middle,B1,E-vocab,Food & Drink,In the Kitchen,,verb,to mix something by moving a spoon around,Stir the soup so it doesn't burn.,攪拌,
evocab:kitchen-simmer,simmer,Middle,B2,E-vocab,Food & Drink,In the Kitchen,,verb,"to cook gently, just below boiling",Let the sauce simmer for twenty minutes.,小火慢煮,
evocab:kitchen-leftovers,leftovers,Middle,B2,E-vocab,Food & Drink,In the Kitchen,,noun,food that was not eaten and is kept for later,We had leftovers for lunch the next day.,剩菜,
evocab:kitchen-marinate,marinate,Advanced,C1,E-vocab,Food & Drink,In the Kitchen,,verb,to soak food in a sauce before cooking it,Marinate the chicken overnight for more flavor.,醃漬,
evocab:kitchen-culinary,culinary,Advanced,C2,E-vocab,Food & Drink,In the Kitchen,,adjective,relating to cooking,She took a culinary course in Tainan.,烹飪的,
evocab:clothing-store-dress,dress,Beginning,A1,E-vocab,Clothing & Style,At a Clothing Store,,noun,a piece of clothing that covers the body and legs,She bought a red dress for the party.,洋裝,
evocab:clothing-store-jacket,jacket,Beginning,A1,E-vocab,Clothing & Style,At a Clothing Store,,noun,a short coat,This jacket is warm and light.,夾克；外套,
evocab:clothing-store-shoes,shoes,Beginning,A1,E-vocab,Clothing & Style,At a Clothing Store,,noun,things you wear on your feet,These shoes are too small.,鞋子,
evocab:clothing-store-fitting-room,fitting room,Beginning,A2,E-vocab,Clothing & Style,At a Clothing Store,,noun,a small room in a store where you try on clothes,The fitting room is at the back of the store.,試衣間,Everyday English (Middle)
evocab:clothing-store-try-on,try on,Beginning,A2,E-vocab,Clothing & Style,At a Clothing Store,,phrasal verb,to put on clothes to see if they fit,Can I try on these jeans?,試穿,
evocab:clothing-store-sale,sale,Beginning,A2,E-vocab,Clothing & Style,At a Clothing Store,,noun,a time when things are sold at lower prices,Everything is 30% off during the sale.,特價；拍賣,
evocab:clothing-store-fit,fit,Middle,B1,E-vocab,Clothing & Style,At a Clothing Store,,verb,to be the right size for someone,The pants fit perfectly.,合身,
evocab:clothing-store-loose,loose,Middle,B1,E-vocab,Clothing & Style,At a Clothing Store,,adjective,not tight on the body,I prefer loose clothes in summer.,寬鬆的,
evocab:clothing-store-alteration,alteration,Middle,B2,E-vocab,Clothing & Style,At a Clothing Store,,noun,a change made to clothing so it fits better,The store offers free alterations on suits.,修改（衣服）,
evocab:clothing-store-fabric,fabric,Middle,B2,E-vocab,Clothing & Style,At a Clothing Store,,noun,cloth used to make clothes,This fabric feels soft and cool.,布料,
evocab:clothing-store-tailored,tailored,Advanced,C1,E-vocab,Clothing & Style,At a Clothing Store,,adjective,made to fit one particular person,He wore a tailored suit to the interview.,量身訂做的,
evocab:clothing-store-sartorial,sartorial,Advanced,C2,E-vocab,Clothing & Style,At a Clothing Store,,adjective,relating to clothes and how they are made or worn,His sartorial choices were always bold.,服裝的；穿著的,
evocab:getting-dressed-wear,wear,Beginning,A1,E-vocab,Clothing & Style,Getting Dressed,,verb,to have clothing on your body,I wear a uniform to work.,穿；戴,
evocab:getting-dressed-socks,socks,Beginning,A1,E-vocab,Clothing & Style,Getting Dressed,,noun,"soft coverings for your feet, worn inside shoes",I can't find my socks.,襪子,
evocab:getting-dressed-hat,hat,Beginning,A1,E-vocab,Clothing & Style,Getting Dressed,,noun,something you wear on your head,Wear a hat—the sun is strong.,帽子,
evocab:getting-dressed-put-on,put on,Beginning,A2,E-vocab,Clothing & Style,Getting Dressed,,phrasal verb,to place clothes on your body,Put on your coat before you go out.,穿上,
evocab:getting-dressed-take-off,take off,Beginning,A2,E-vocab,Clothing & Style,Getting Dressed,,phrasal verb,to remove clothes from your body,Please take off your shoes at the door.,脫下,
evocab:getting-dressed-zipper,zipper,Beginning,A2,E-vocab,Clothing & Style,Getting Dressed,,noun,a metal or plastic fastener that closes clothes,My zipper is stuck.,拉鍊,
evocab:getting-dressed-outfit,outfit,Middle,B1,E-vocab,Clothing & Style,Getting Dressed,,noun,a set of clothes worn together,I love your outfit today!,一套服裝,
evocab:getting-dressed-match,match,Middle,B1,E-vocab,Clothing & Style,Getting Dressed,,verb,to look good together,Does this tie match my shirt?,搭配,
evocab:getting-dressed-casual,casual,Middle,B2,E-vocab,Clothing & Style,Getting Dressed,,adjective,relaxed and not formal,Our office has a casual dress code.,休閒的,
evocab:getting-dressed-accessory,accessory,Middle,B2,E-vocab,Clothing & Style,Getting Dressed,,noun,"an extra item, like a belt or bag, worn with clothes",A scarf is an easy accessory to add color.,配件,
evocab:getting-dressed-understated,understated,Advanced,C1,E-vocab,Clothing & Style,Getting Dressed,,adjective,simple and not trying to attract attention,Her understated style looks elegant.,低調的；簡約的,
evocab:getting-dressed-disheveled,disheveled,Advanced,C2,E-vocab,Clothing & Style,Getting Dressed,,adjective,"untidy, especially hair or clothes",He arrived disheveled after running for the bus.,衣冠不整的；凌亂的,
evocab:laundry-wash,wash,Beginning,A1,E-vocab,Clothing & Style,Doing Laundry,,verb,to clean something with water and soap,I wash my clothes on Sunday.,洗,
evocab:laundry-dry,dry,Beginning,A1,E-vocab,Clothing & Style,Doing Laundry,,adjective,not wet,Are the towels dry yet?,乾的,
evocab:laundry-clean,clean,Beginning,A1,E-vocab,Clothing & Style,Doing Laundry,,adjective,not dirty,I need a clean shirt for tomorrow.,乾淨的,
evocab:laundry-washing-machine,washing machine,Beginning,A2,E-vocab,Clothing & Style,Doing Laundry,,noun,a machine that washes clothes,The washing machine is on the balcony.,洗衣機,
evocab:laundry-dryer,dryer,Beginning,A2,E-vocab,Clothing & Style,Doing Laundry,,noun,a machine that dries clothes,Don't put wool sweaters in the dryer.,烘衣機,
evocab:laundry-iron,iron,Beginning,A2,E-vocab,Clothing & Style,Doing Laundry,,verb,to make clothes smooth with a hot tool,I iron my shirts every Sunday night.,熨燙,
evocab:laundry-detergent,detergent,Middle,B1,E-vocab,Clothing & Style,Doing Laundry,,noun,soap used for washing clothes,Use only a little detergent.,洗衣精,
evocab:laundry-stain,stain,Middle,B1,E-vocab,Clothing & Style,Doing Laundry,,noun,a dirty mark that is hard to remove,There's a coffee stain on my sleeve.,污漬,
evocab:laundry-shrink,shrink,Middle,B2,E-vocab,Clothing & Style,Doing Laundry,,verb,to become smaller,My sweater shrank in hot water.,縮水,
evocab:laundry-fade,fade,Middle,B2,E-vocab,Clothing & Style,Doing Laundry,,verb,to slowly lose color,Dark jeans fade after many washes.,褪色,
evocab:laundry-delicate,delicate,Advanced,C1,E-vocab,Clothing & Style,Doing Laundry,,adjective,easily damaged and needing careful handling,Wash delicate items by hand.,嬌貴的；需小心處理的,
evocab:laundry-colorfast,colorfast,Advanced,C2,E-vocab,Clothing & Style,Doing Laundry,,adjective,not losing color when washed,Check that the fabric is colorfast before washing it with whites.,不褪色的,
evocab:weather-clothes-rain,rain,Beginning,A1,E-vocab,Clothing & Style,Dressing for the Weather,,noun,water that falls from the sky,Take an umbrella—there's rain this afternoon.,雨,
evocab:weather-clothes-coat,coat,Beginning,A1,E-vocab,Clothing & Style,Dressing for the Weather,,noun,a warm piece of clothing worn outside,"It's cold, so wear your coat.",大衣；外套,
evocab:weather-clothes-umbrella,umbrella,Beginning,A1,E-vocab,Clothing & Style,Dressing for the Weather,,noun,a folding cover that keeps you dry in the rain,I left my umbrella on the bus.,雨傘,
evocab:weather-clothes-sunny,sunny,Beginning,A2,E-vocab,Clothing & Style,Dressing for the Weather,,adjective,bright with sunshine,"It's sunny, so bring sunglasses.",晴朗的,
evocab:weather-clothes-sweater,sweater,Beginning,A2,E-vocab,Clothing & Style,Dressing for the Weather,,noun,a warm knitted top,This sweater keeps me warm in winter.,毛衣,
evocab:weather-clothes-raincoat,raincoat,Beginning,A2,E-vocab,Clothing & Style,Dressing for the Weather,,noun,a coat that keeps you dry in the rain,Kids wear raincoats to school on rainy days.,雨衣,
evocab:weather-clothes-humid,humid,Middle,B1,E-vocab,Clothing & Style,Dressing for the Weather,,adjective,hot and wet in the air,Taipei summers are hot and humid.,潮濕的；悶熱的,
evocab:weather-clothes-layer,layer,Middle,B1,E-vocab,Clothing & Style,Dressing for the Weather,,noun,one piece of clothing worn over another,Wear layers so you can take one off later.,一層（衣物）,
evocab:weather-clothes-breathable,breathable,Middle,B2,E-vocab,Clothing & Style,Dressing for the Weather,,adjective,letting air pass through,Choose breathable fabric for hiking.,透氣的,
evocab:weather-clothes-forecast,forecast,Middle,B2,E-vocab,Clothing & Style,Dressing for the Weather,,noun,a statement about what the weather will be,The forecast says a typhoon is coming.,天氣預報,
evocab:weather-clothes-sweltering,sweltering,Advanced,C1,E-vocab,Clothing & Style,Dressing for the Weather,,adjective,uncomfortably hot,It was a sweltering afternoon in July.,酷熱難耐的,
evocab:weather-clothes-inclement,inclement,Advanced,C2,E-vocab,Clothing & Style,Dressing for the Weather,,adjective,"(of weather) cold, wet, or stormy",The event moved indoors due to inclement weather.,天氣惡劣的,
evocab:renting-apartment,apartment,Beginning,A1,E-vocab,Home & Living,Renting an Apartment,,noun,"a set of rooms to live in, inside a larger building",We live in a small apartment downtown.,公寓,
evocab:renting-door,door,Beginning,A1,E-vocab,Home & Living,Renting an Apartment,,noun,the part you open to go into a room or building,Lock the door when you leave.,門,
evocab:renting-window,window,Beginning,A1,E-vocab,Home & Living,Renting an Apartment,,noun,"an opening in a wall, covered with glass",The bedroom window faces the park.,窗戶,
evocab:renting-rent,rent,Beginning,A2,E-vocab,Home & Living,Renting an Apartment,,noun,money paid regularly to live in a place,The rent is due on the first of the month.,房租,
evocab:renting-neighbor,neighbor,Beginning,A2,E-vocab,Home & Living,Renting an Apartment,,noun,a person who lives near you,Our neighbors are very quiet.,鄰居,
evocab:renting-move,move,Beginning,A2,E-vocab,Home & Living,Renting an Apartment,,verb,to go to live in a new place,We're moving next month.,搬家,
evocab:renting-landlord,landlord,Middle,B1,E-vocab,Home & Living,Renting an Apartment,,noun,a person who rents a home to other people,Call the landlord if the water heater breaks.,房東,
evocab:renting-deposit,deposit,Middle,B1,E-vocab,Home & Living,Renting an Apartment,,noun,money paid at the start that is returned later,The deposit is two months' rent.,押金,
evocab:renting-lease,lease,Middle,B2,E-vocab,Home & Living,Renting an Apartment,,noun,a legal agreement to rent a place,I signed a one-year lease.,租約,
evocab:renting-utilities,utilities,Middle,B2,E-vocab,Home & Living,Renting an Apartment,,noun,"services like water, electricity, and gas",Utilities are not included in the rent.,水電瓦斯費,
evocab:renting-sublet,sublet,Advanced,C1,E-vocab,Home & Living,Renting an Apartment,,verb,to rent a place you are renting to another person,My lease doesn't allow me to sublet the apartment.,轉租,
evocab:renting-eviction,eviction,Advanced,C2,E-vocab,Home & Living,Renting an Apartment,,noun,the legal act of forcing someone to leave their home,They received an eviction notice after missing rent.,驅逐；強制遷出,
evocab:chores-dishes,dishes,Beginning,A1,E-vocab,Home & Living,Doing Chores,,noun,"the plates, bowls, and cups used for a meal",Whose turn is it to wash the dishes?,碗盤,
evocab:chores-floor,floor,Beginning,A1,E-vocab,Home & Living,Doing Chores,,noun,the surface you walk on inside a room,The floor is wet—be careful.,地板,
evocab:chores-trash,trash,Beginning,A1,E-vocab,Home & Living,Doing Chores,,noun,things you throw away (American English),Please take out the trash.,垃圾,
evocab:chores-sweep,sweep,Beginning,A2,E-vocab,Home & Living,Doing Chores,,verb,to clean the floor with a broom,I sweep the floor after dinner.,掃（地）,
evocab:chores-tidy,tidy,Beginning,A2,E-vocab,Home & Living,Doing Chores,,adjective,neat and in order,Keep your room tidy.,整齊的,
evocab:chores-vacuum,vacuum,Beginning,A2,E-vocab,Home & Living,Doing Chores,,verb,to clean with a machine that sucks up dirt,I vacuum the living room on Saturdays.,吸塵,
evocab:chores-recycling,recycling,Middle,B1,E-vocab,Home & Living,Doing Chores,,noun,things collected so they can be used again,The recycling truck comes on Tuesdays.,資源回收,
evocab:chores-mop,mop,Middle,B1,E-vocab,Home & Living,Doing Chores,,verb,to wash a floor with a wet mop,Mop the kitchen floor after cooking.,拖地,
evocab:chores-chore,chore,Middle,B2,E-vocab,Home & Living,Doing Chores,,noun,a regular job you do at home,Laundry is my least favorite chore.,家事,
evocab:chores-declutter,declutter,Middle,B2,E-vocab,Home & Living,Doing Chores,,verb,to remove things you do not need,We decluttered the closet before moving.,整理雜物；斷捨離,
evocab:chores-meticulous,meticulous,Advanced,C1,E-vocab,Home & Living,Doing Chores,,adjective,very careful about every detail,She is meticulous about cleaning the bathroom.,一絲不苟的,
evocab:chores-drudgery,drudgery,Advanced,C2,E-vocab,Home & Living,Doing Chores,,noun,"hard, boring work",Some people find housework pure drudgery.,苦差事,
evocab:subway-train,train,Beginning,A1,E-vocab,Travel & Transportation,Taking the Subway,,noun,a vehicle that runs on a track,The next train comes in three minutes.,列車；火車,
evocab:subway-ride,ride,Beginning,A1,E-vocab,Travel & Transportation,Taking the Subway,,verb,to travel in a vehicle,I ride the subway to work.,搭乘,
evocab:subway-stop,stop,Beginning,A1,E-vocab,Travel & Transportation,Taking the Subway,,noun,a place where a train or bus stops for passengers,Get off at the next stop.,站,
evocab:subway-station,station,Beginning,A2,E-vocab,Travel & Transportation,Taking the Subway,,noun,a building where trains stop,Meet me at Taipei Main Station.,車站,
evocab:subway-platform,platform,Beginning,A2,E-vocab,Travel & Transportation,Taking the Subway,,noun,the area where you wait to get on a train,The train leaves from platform two.,月台,
evocab:subway-exit,exit,Beginning,A2,E-vocab,Travel & Transportation,Taking the Subway,,noun,a way out of a building or station,Take Exit 3 for the museum.,出口,
evocab:subway-transfer,transfer,Middle,B1,E-vocab,Travel & Transportation,Taking the Subway,,verb,to change from one line or vehicle to another,Transfer to the blue line at Zhongxiao Fuxing.,轉乘,
evocab:subway-fare,fare,Middle,B1,E-vocab,Travel & Transportation,Taking the Subway,,noun,the money you pay to travel,The fare depends on the distance.,車資,
evocab:subway-rush-hour,rush hour,Middle,B2,E-vocab,Travel & Transportation,Taking the Subway,,noun,the busy time when most people travel to or from work,Avoid the subway during rush hour.,尖峰時段,
evocab:subway-commute,commute,Middle,B2,E-vocab,Travel & Transportation,Taking the Subway,,verb,to travel regularly to work or school,I commute forty minutes each way.,通勤,
evocab:subway-congested,congested,Advanced,C1,E-vocab,Travel & Transportation,Taking the Subway,,adjective,too crowded to move easily,The station gets congested after concerts.,擁擠的；壅塞的,
evocab:subway-thoroughfare,thoroughfare,Advanced,C2,E-vocab,Travel & Transportation,Taking the Subway,,noun,a main route used by many people,The underground mall is a busy thoroughfare for commuters.,要道；通道,
evocab:taxi-car,car,Beginning,A1,E-vocab,Travel & Transportation,Taking a Taxi,,noun,a vehicle with four wheels and an engine,The taxi is a yellow car.,汽車,
evocab:taxi-street,street,Beginning,A1,E-vocab,Travel & Transportation,Taking a Taxi,,noun,a road in a town or city,Please stop on this street.,街道,
evocab:taxi-left,left,Beginning,A1,E-vocab,Travel & Transportation,Taking a Taxi,,noun,the side opposite to right,Turn left at the light.,左邊,
evocab:taxi-driver,driver,Beginning,A2,E-vocab,Travel & Transportation,Taking a Taxi,,noun,a person who drives a vehicle,The driver helped with my bags.,司機,
evocab:taxi-address,address,Beginning,A2,E-vocab,Travel & Transportation,Taking a Taxi,,noun,the number and street where a place is,Could you take me to this address?,地址,
evocab:taxi-traffic,traffic,Beginning,A2,E-vocab,Travel & Transportation,Taking a Taxi,,noun,the cars and other vehicles on a road,There's a lot of traffic downtown.,交通；車流,
evocab:taxi-meter,meter,Middle,B1,E-vocab,Travel & Transportation,Taking a Taxi,,noun,a machine in a taxi that shows the fare,Please turn on the meter.,計程表,
evocab:taxi-pick-up,pick up,Middle,B1,E-vocab,Travel & Transportation,Taking a Taxi,,phrasal verb,to collect someone in a vehicle,The taxi will pick us up at six.,接（人）,
evocab:taxi-detour,detour,Middle,B2,E-vocab,Travel & Transportation,Taking a Taxi,,noun,a longer route taken to avoid something,The driver took a detour because of the parade.,繞道,
evocab:taxi-surcharge,surcharge,Middle,B2,E-vocab,Travel & Transportation,Taking a Taxi,,noun,an extra amount added to a price,There's a late-night surcharge after eleven.,附加費,
evocab:taxi-gridlock,gridlock,Advanced,C1,E-vocab,Travel & Transportation,Taking a Taxi,,noun,traffic so heavy that nothing can move,We were stuck in gridlock for an hour.,交通癱瘓,
evocab:taxi-circuitous,circuitous,Advanced,C2,E-vocab,Travel & Transportation,Taking a Taxi,,adjective,long and indirect,The driver's circuitous route raised the fare.,迂迴的；繞遠路的,
evocab:directions-right,right,Beginning,A1,E-vocab,Travel & Transportation,Asking for Directions,,noun,the side opposite to left,The bank is on your right.,右邊,
evocab:directions-near,near,Beginning,A1,E-vocab,Travel & Transportation,Asking for Directions,,adjective,not far away,Is the station near here?,近的；附近的,
evocab:directions-far,far,Beginning,A1,E-vocab,Travel & Transportation,Asking for Directions,,adjective,a long distance away,Is it far from here?,遠的,
evocab:directions-corner,corner,Beginning,A2,E-vocab,Travel & Transportation,Asking for Directions,,noun,the place where two streets meet,The café is on the corner.,轉角,
evocab:directions-block,block,Beginning,A2,E-vocab,Travel & Transportation,Asking for Directions,,noun,the distance between two streets in a city (American English),Walk two blocks and turn right.,街區,
evocab:directions-across-from,across from,Beginning,A2,E-vocab,Travel & Transportation,Asking for Directions,,preposition,on the opposite side of,The bank is across from the park.,在…對面,
evocab:directions-intersection,intersection,Middle,B1,E-vocab,Travel & Transportation,Asking for Directions,,noun,a place where roads cross,Turn left at the next intersection.,十字路口,
evocab:directions-landmark,landmark,Middle,B1,E-vocab,Travel & Transportation,Asking for Directions,,noun,a famous building or place that helps you find your way,Taipei 101 is an easy landmark to find.,地標,
evocab:directions-navigate,navigate,Middle,B2,E-vocab,Travel & Transportation,Asking for Directions,,verb,to find your way from one place to another,I use my phone to navigate the city.,導航；找路,
evocab:directions-disoriented,disoriented,Middle,B2,E-vocab,Travel & Transportation,Asking for Directions,,adjective,confused about where you are,I felt disoriented after leaving the station.,迷失方向的,
evocab:directions-vicinity,vicinity,Advanced,C1,E-vocab,Travel & Transportation,Asking for Directions,,noun,the area near a place,Is there a pharmacy in the vicinity?,附近；鄰近地區,
evocab:directions-labyrinthine,labyrinthine,Advanced,C2,E-vocab,Travel & Transportation,Asking for Directions,,adjective,"complicated, like a maze",The old alleys are labyrinthine.,迷宮般的,
evocab:classroom-pencil,pencil,Beginning,A1,E-vocab,School & Learning,In the Classroom,,noun,"a tool for writing or drawing, made of wood",Can I borrow a pencil?,鉛筆,
evocab:classroom-question,question,Beginning,A1,E-vocab,School & Learning,In the Classroom,,noun,something you ask to get information,May I ask a question?,問題,
evocab:classroom-answer,answer,Beginning,A1,E-vocab,School & Learning,In the Classroom,,noun,what you say or write to reply to a question,Write your answer on the board.,答案,
evocab:classroom-notebook,notebook,Beginning,A2,E-vocab,School & Learning,In the Classroom,,noun,a book of blank pages for writing notes,Write the new words in your notebook.,筆記本,
evocab:classroom-explain,explain,Beginning,A2,E-vocab,School & Learning,In the Classroom,,verb,to make something clear and easy to understand,Could you explain that again?,解釋,
evocab:classroom-repeat,repeat,Beginning,A2,E-vocab,School & Learning,In the Classroom,,verb,to say something again,Please repeat after me.,重複,
evocab:classroom-participate,participate,Middle,B1,E-vocab,School & Learning,In the Classroom,,verb,to take part in an activity,Everyone should participate in the discussion.,參與,
evocab:classroom-handout,handout,Middle,B1,E-vocab,School & Learning,In the Classroom,,noun,a sheet of information given to students,Please read the handout before class.,講義,
evocab:classroom-attentive,attentive,Middle,B2,E-vocab,School & Learning,In the Classroom,,adjective,listening and watching carefully,The students were attentive during the demonstration.,專注的,
evocab:classroom-brainstorm,brainstorm,Middle,B2,E-vocab,School & Learning,In the Classroom,,verb,to share many ideas quickly in a group,Let's brainstorm ideas in small groups.,腦力激盪,
evocab:classroom-elaborate,elaborate,Advanced,C1,E-vocab,School & Learning,In the Classroom,,verb,to give more details about something,Could you elaborate on your answer?,詳細說明,
evocab:classroom-didactic,didactic,Advanced,C2,E-vocab,School & Learning,In the Classroom,,adjective,"intended to teach, often in a way that feels too much like a lecture","The lesson felt too didactic, with little discussion.",說教的；教導性的,
evocab:library-read,read,Beginning,A1,E-vocab,School & Learning,At the Library,,verb,to look at words and understand them,I read in the library after school.,閱讀,
evocab:library-quiet,quiet,Beginning,A1,E-vocab,School & Learning,At the Library,,adjective,making very little noise,Please be quiet in the library.,安靜的,
evocab:library-open,open,Beginning,A1,E-vocab,School & Learning,At the Library,,adjective,ready for people to come in,The library is open until nine.,開放的；營業中的,
evocab:library-borrow,borrow,Beginning,A2,E-vocab,School & Learning,At the Library,,verb,to take something that you will give back later,You can borrow five books at a time.,借（入）,
evocab:library-return,return,Beginning,A2,E-vocab,School & Learning,At the Library,,verb,to give or bring something back,Please return the book by Friday.,歸還,
evocab:library-shelf,shelf,Beginning,A2,E-vocab,School & Learning,At the Library,,noun,"a flat board for holding things, like books",The dictionaries are on the top shelf.,書架,
evocab:library-due-date,due date,Middle,B1,E-vocab,School & Learning,At the Library,,noun,the day by which something must be returned,The due date is printed on your receipt.,到期日,
evocab:library-fine,fine,Middle,B1,E-vocab,School & Learning,At the Library,,noun,money you pay as a punishment,There's a small fine for late books.,罰款,
evocab:library-renew,renew,Middle,B2,E-vocab,School & Learning,At the Library,,verb,to extend the time you can keep something,You can renew books online.,續借,
evocab:library-reference,reference,Middle,B2,E-vocab,School & Learning,At the Library,,noun,a book used for finding information,Reference books can't be taken home.,參考資料,
evocab:library-archive,archive,Advanced,C1,E-vocab,School & Learning,At the Library,,noun,a collection of old records or documents,The library archive holds old newspapers.,檔案；檔案館,
evocab:library-bibliography,bibliography,Advanced,C2,E-vocab,School & Learning,At the Library,,noun,a list of the books and articles used in a piece of writing,Include a bibliography at the end of your report.,參考書目,
evocab:test-easy,easy,Beginning,A1,E-vocab,School & Learning,Taking a Test,,adjective,not hard to do,The first part of the test was easy.,容易的,
evocab:test-difficult,difficult,Beginning,A1,E-vocab,School & Learning,Taking a Test,,adjective,hard to do or understand,The last question was difficult.,困難的,
evocab:test-wrong,wrong,Beginning,A1,E-vocab,School & Learning,Taking a Test,,adjective,not correct,Two of my answers were wrong.,錯的,
evocab:test-pass,pass,Beginning,A2,E-vocab,School & Learning,Taking a Test,,verb,to succeed in a test,I hope I pass the exam.,通過（考試）,
evocab:test-fail,fail,Beginning,A2,E-vocab,School & Learning,Taking a Test,,verb,to not succeed in a test,Don't worry if you fail once.,不及格,
evocab:test-result,result,Beginning,A2,E-vocab,School & Learning,Taking a Test,,noun,the score or information you get after a test,The results will be online next week.,結果；成績,
evocab:test-memorize,memorize,Middle,B1,E-vocab,School & Learning,Taking a Test,,verb,to learn something so you can remember it exactly,I memorized ten new words every day.,背誦；記住,
evocab:test-cheat,cheat,Middle,B1,E-vocab,School & Learning,Taking a Test,,verb,to break the rules to get a better result,Students who cheat will get a zero.,作弊,
evocab:test-multiple-choice,multiple-choice,Middle,B2,E-vocab,School & Learning,Taking a Test,,adjective,giving several answers to choose from,The first part is multiple-choice.,選擇題的,
evocab:test-anxious,anxious,Middle,B2,E-vocab,School & Learning,Taking a Test,,adjective,worried and nervous,Many students feel anxious before exams.,焦慮的,
evocab:test-rigorous,rigorous,Advanced,C1,E-vocab,School & Learning,Taking a Test,,adjective,very strict and thorough,The entrance exam is rigorous.,嚴格的；嚴謹的,
evocab:test-proctor,proctor,Advanced,C2,E-vocab,School & Learning,Taking a Test,,noun,a person who watches students during an exam (American English),The proctor collected our phones before the test.,監考人員,
evocab:hobbies-music,music,Beginning,A1,E-vocab,Fun & Leisure,Talking About Hobbies,,noun,sounds arranged in a pleasant way,I listen to music on the bus.,音樂,
evocab:hobbies-game,game,Beginning,A1,E-vocab,Fun & Leisure,Talking About Hobbies,,noun,an activity you play for fun,We play board games on Fridays.,遊戲,
evocab:hobbies-draw,draw,Beginning,A1,E-vocab,Fun & Leisure,Talking About Hobbies,,verb,to make a picture with a pen or pencil,I like to draw in my free time.,畫畫,
evocab:hobbies-join,join,Beginning,A2,E-vocab,Fun & Leisure,Talking About Hobbies,,verb,to become a member of a group,I joined a hiking club last year.,參加；加入,
evocab:hobbies-free-time,free time,Beginning,A2,E-vocab,Fun & Leisure,Talking About Hobbies,,noun,time when you are not working or studying,What do you do in your free time?,空閒時間,
evocab:hobbies-collect,collect,Beginning,A2,E-vocab,Fun & Leisure,Talking About Hobbies,,verb,to get and keep things of one type,He collects old coins.,收集,
evocab:hobbies-passionate,passionate,Middle,B1,E-vocab,Fun & Leisure,Talking About Hobbies,,adjective,having very strong interest in something,She is passionate about baking.,熱衷的,
evocab:hobbies-beginner,beginner,Middle,B1,E-vocab,Fun & Leisure,Talking About Hobbies,,noun,a person who is just starting to learn,I'm a beginner at the guitar.,初學者,
evocab:hobbies-pastime,pastime,Middle,B2,E-vocab,Fun & Leisure,Talking About Hobbies,,noun,an activity you do for enjoyment,Hiking is a popular weekend pastime.,消遣,
evocab:hobbies-enthusiast,enthusiast,Middle,B2,E-vocab,Fun & Leisure,Talking About Hobbies,,noun,a person who is very interested in an activity,He's a coffee enthusiast.,愛好者,
evocab:hobbies-dabble,dabble,Advanced,C1,E-vocab,Fun & Leisure,Talking About Hobbies,,verb,to try an activity without being serious about it,"I dabble in painting, but I'm not serious about it.",淺嘗；涉獵,
evocab:hobbies-dilettante,dilettante,Advanced,C2,E-vocab,Fun & Leisure,Talking About Hobbies,,noun,a person who tries many interests but none deeply,He's a dilettante who tries a new hobby every month.,業餘涉獵者,
evocab:movies-movie,movie,Beginning,A1,E-vocab,Fun & Leisure,At the Movies,,noun,a story shown on a screen (American English),Let's see a movie tonight.,電影,
evocab:movies-watch,watch,Beginning,A1,E-vocab,Fun & Leisure,At the Movies,,verb,to look at something for a period of time,We watched a comedy last night.,觀看,
evocab:movies-funny,funny,Beginning,A1,E-vocab,Fun & Leisure,At the Movies,,adjective,making you laugh,The movie was really funny.,好笑的,
evocab:movies-popcorn,popcorn,Beginning,A2,E-vocab,Fun & Leisure,At the Movies,,noun,"corn that is heated until it bursts, eaten as a snack",I always get popcorn at the movies.,爆米花,
evocab:movies-theater,theater,Beginning,A2,E-vocab,Fun & Leisure,At the Movies,,noun,a building where movies are shown (American English: movie theater),The theater was almost full.,電影院,
evocab:movies-actor,actor,Beginning,A2,E-vocab,Fun & Leisure,At the Movies,,noun,a person who performs in movies or plays,He's my favorite actor.,演員,
evocab:movies-trailer,trailer,Middle,B1,E-vocab,Fun & Leisure,At the Movies,,noun,a short video that advertises a movie,The trailer looks exciting.,預告片,
evocab:movies-subtitles,subtitles,Middle,B1,E-vocab,Fun & Leisure,At the Movies,,noun,words on the screen that show what people are saying,I watched it with English subtitles.,字幕,
evocab:movies-plot,plot,Middle,B2,E-vocab,Fun & Leisure,At the Movies,,noun,the events that make up a story,The plot was hard to follow.,情節,
evocab:movies-spoiler,spoiler,Middle,B2,E-vocab,Fun & Leisure,At the Movies,,noun,information that tells you what happens in a story too early,No spoilers—I haven't seen it yet!,爆雷；劇透,
evocab:movies-riveting,riveting,Advanced,C1,E-vocab,Fun & Leisure,At the Movies,,adjective,so interesting that you cannot stop watching,The final scene was riveting.,引人入勝的,
evocab:movies-cinematography,cinematography,Advanced,C2,E-vocab,Fun & Leisure,At the Movies,,noun,the art of filming movies,The cinematography in this film is stunning.,電影攝影,
evocab:sports-ball,ball,Beginning,A1,E-vocab,Fun & Leisure,Playing Sports,,noun,a round object used in games,Kick the ball to me!,球,
evocab:sports-team,team,Beginning,A1,E-vocab,Fun & Leisure,Playing Sports,,noun,a group of people who play together,Our team plays on Saturday.,隊伍,
evocab:sports-play,play,Beginning,A1,E-vocab,Fun & Leisure,Playing Sports,,verb,to take part in a game or sport,We play basketball after school.,打（球）；玩,
evocab:sports-win,win,Beginning,A2,E-vocab,Fun & Leisure,Playing Sports,,verb,to be the best or first in a game,We won the game 3–1.,贏,
evocab:sports-score,score,Beginning,A2,E-vocab,Fun & Leisure,Playing Sports,,verb,to get a point or goal,She scored two goals.,得分,
evocab:sports-coach,coach,Beginning,A2,E-vocab,Fun & Leisure,Playing Sports,,noun,a person who trains a team or player,The coach told us to run faster.,教練,
evocab:sports-practice,practice,Middle,B1,E-vocab,Fun & Leisure,Playing Sports,,noun,time spent training to get better,We have soccer practice on Tuesdays.,練習,
evocab:sports-opponent,opponent,Middle,B1,E-vocab,Fun & Leisure,Playing Sports,,noun,the person or team you play against,Our opponent was very strong.,對手,
evocab:sports-tournament,tournament,Middle,B2,E-vocab,Fun & Leisure,Playing Sports,,noun,a competition with many games,Our team reached the tournament final.,錦標賽,
evocab:sports-stamina,stamina,Middle,B2,E-vocab,Fun & Leisure,Playing Sports,,noun,the energy to keep going for a long time,Swimming builds stamina.,耐力；體力,
evocab:sports-sportsmanship,sportsmanship,Advanced,C1,E-vocab,Fun & Leisure,Playing Sports,,noun,fair and polite behavior in sports,Shaking hands after the game shows good sportsmanship.,運動家精神,
evocab:sports-indefatigable,indefatigable,Advanced,C2,E-vocab,Fun & Leisure,Playing Sports,,adjective,never seeming to get tired,The indefatigable runner finished three marathons this year.,不知疲倦的,
evocab:sightseeing-photo,photo,Beginning,A1,E-vocab,Fun & Leisure,Going Sightseeing,,noun,a picture taken with a camera,Can you take a photo of us?,照片,
evocab:sightseeing-museum,museum,Beginning,A1,E-vocab,Fun & Leisure,Going Sightseeing,,noun,a building where you can see important objects,The museum is closed on Mondays.,博物館,
evocab:sightseeing-beautiful,beautiful,Beginning,A1,E-vocab,Fun & Leisure,Going Sightseeing,,adjective,very pleasant to look at,Jiufen is beautiful at night.,美麗的,
evocab:sightseeing-tour,tour,Beginning,A2,E-vocab,Fun & Leisure,Going Sightseeing,,noun,a visit to see different places,We joined a walking tour of the old town.,遊覽；導覽,
evocab:sightseeing-guide,guide,Beginning,A2,E-vocab,Fun & Leisure,Going Sightseeing,,noun,a person who shows visitors around,Our guide spoke excellent English.,導遊,
evocab:sightseeing-souvenir,souvenir,Beginning,A2,E-vocab,Fun & Leisure,Going Sightseeing,,noun,something you buy to remember a place,I bought a souvenir for my sister.,紀念品,
evocab:sightseeing-attraction,attraction,Middle,B1,E-vocab,Fun & Leisure,Going Sightseeing,,noun,a place that many visitors want to see,The night market is a popular attraction.,景點,
evocab:sightseeing-view,view,Middle,B1,E-vocab,Fun & Leisure,Going Sightseeing,,noun,what you can see from a place,The view from the top is amazing.,景色,
evocab:sightseeing-scenic,scenic,Middle,B2,E-vocab,Fun & Leisure,Going Sightseeing,,adjective,having beautiful natural views,We took the scenic route along the coast.,風景優美的,
evocab:sightseeing-admission,admission,Middle,B2,E-vocab,Fun & Leisure,Going Sightseeing,,noun,the money you pay to enter a place,Admission is free on Sundays.,入場費,
evocab:sightseeing-picturesque,picturesque,Advanced,C1,E-vocab,Fun & Leisure,Going Sightseeing,,adjective,"pretty, like a painting",The village is small and picturesque.,風景如畫的,
evocab:sightseeing-panoramic,panoramic,Advanced,C2,E-vocab,Fun & Leisure,Going Sightseeing,,adjective,showing a wide view of a whole area,The tower offers a panoramic view of the city.,全景的,
evocab:pharmacy-nose,nose,Beginning,A1,E-vocab,Health & Body,At the Pharmacy,,noun,the part of your face you breathe and smell with,"My nose is running, and I keep sneezing.",鼻子,
evocab:pharmacy-throat,throat,Beginning,A1,E-vocab,Health & Body,At the Pharmacy,,noun,"the inside of your neck, where food and air go down",Drink warm water for your throat.,喉嚨,
evocab:pharmacy-rest,rest,Beginning,A1,E-vocab,Health & Body,At the Pharmacy,,noun,a time when you relax or sleep,Get some rest and drink lots of water.,休息,
evocab:pharmacy-pill,pill,Beginning,A2,E-vocab,Health & Body,At the Pharmacy,,noun,"a small, hard piece of medicine you swallow",Take one pill twice a day.,藥丸,
evocab:pharmacy-cough,cough,Beginning,A2,E-vocab,Health & Body,At the Pharmacy,,noun,the sound of air forced out of your throat when you are sick,Do you have something for a cough?,咳嗽,
evocab:pharmacy-sore,sore,Beginning,A2,E-vocab,Health & Body,At the Pharmacy,,adjective,"painful, often from illness or exercise",Do you have anything for a sore throat?,痠痛的；發炎疼痛的,
evocab:pharmacy-prescription,prescription,Middle,B1,E-vocab,Health & Body,At the Pharmacy,,noun,a doctor's written order for medicine,You need a prescription for this medicine.,處方箋,
evocab:pharmacy-pharmacist,pharmacist,Middle,B1,E-vocab,Health & Body,At the Pharmacy,,noun,a person trained to prepare and sell medicine,Ask the pharmacist which one is best.,藥劑師,
evocab:pharmacy-over-the-counter,over-the-counter,Middle,B2,E-vocab,Health & Body,At the Pharmacy,,adjective,able to be bought without a prescription,This cream is available over-the-counter.,非處方的；成藥的,
evocab:pharmacy-drowsy,drowsy,Middle,B2,E-vocab,Health & Body,At the Pharmacy,,adjective,feeling tired and ready to sleep,This medicine may make you drowsy.,昏昏欲睡的,
evocab:pharmacy-ailment,ailment,Advanced,C1,E-vocab,Health & Body,At the Pharmacy,,noun,a minor illness,Pharmacists can help with minor ailments.,小病；病痛,
evocab:pharmacy-efficacy,efficacy,Advanced,C2,E-vocab,Health & Body,At the Pharmacy,,noun,"the ability of something, like a medicine, to work",Studies show the efficacy of the new treatment.,療效；功效,
evocab:dentist-teeth,teeth,Beginning,A1,E-vocab,Health & Body,At the Dentist,,noun,the hard white parts in your mouth used for biting,Brush your teeth before bed.,牙齒,
evocab:dentist-mouth,mouth,Beginning,A1,E-vocab,Health & Body,At the Dentist,,noun,the part of your face you eat and speak with,"Open your mouth wide, please.",嘴巴,
evocab:dentist-brush,brush,Beginning,A1,E-vocab,Health & Body,At the Dentist,,verb,to clean something with a brush,I brush my teeth twice a day.,刷,
evocab:dentist-toothache,toothache,Beginning,A2,E-vocab,Health & Body,At the Dentist,,noun,a pain in a tooth,I have a terrible toothache.,牙痛,
evocab:dentist-toothpaste,toothpaste,Beginning,A2,E-vocab,Health & Body,At the Dentist,,noun,a paste used to clean your teeth,We're out of toothpaste.,牙膏,
evocab:dentist-dentist,dentist,Beginning,A2,E-vocab,Health & Body,At the Dentist,,noun,a doctor who takes care of teeth,I see the dentist every six months.,牙醫,
evocab:dentist-cavity,cavity,Middle,B1,E-vocab,Health & Body,At the Dentist,,noun,a hole in a tooth caused by decay,You have a small cavity.,蛀牙,
evocab:dentist-floss,floss,Middle,B1,E-vocab,Health & Body,At the Dentist,,verb,to clean between your teeth with thin string,Floss every night before bed.,用牙線清潔,
evocab:dentist-filling,filling,Middle,B2,E-vocab,Health & Body,At the Dentist,,noun,material used to fill a hole in a tooth,The dentist replaced an old filling.,補牙填充物,
evocab:dentist-numb,numb,Middle,B2,E-vocab,Health & Body,At the Dentist,,adjective,unable to feel anything,Your lip will feel numb for an hour.,麻木的,
evocab:dentist-extraction,extraction,Advanced,C1,E-vocab,Health & Body,At the Dentist,,noun,the act of pulling out a tooth,"The tooth was too damaged, so she needed an extraction.",拔牙,
evocab:dentist-orthodontic,orthodontic,Advanced,C2,E-vocab,Health & Body,At the Dentist,,adjective,relating to straightening teeth,He started orthodontic treatment at twelve.,齒列矯正的,
evocab:gym-run,run,Beginning,A1,E-vocab,Health & Body,At the Gym,,verb,to move fast on your feet,I run on the treadmill for twenty minutes.,跑步,
evocab:gym-strong,strong,Beginning,A1,E-vocab,Health & Body,At the Gym,,adjective,having powerful muscles,Lifting weights makes you strong.,強壯的,
evocab:gym-tired,tired,Beginning,A1,E-vocab,Health & Body,At the Gym,,adjective,needing rest,I'm tired after my workout.,累的,
evocab:gym-exercise,exercise,Beginning,A2,E-vocab,Health & Body,At the Gym,,noun,physical activity to stay healthy,Exercise three times a week.,運動,
evocab:gym-weights,weights,Beginning,A2,E-vocab,Health & Body,At the Gym,,noun,heavy objects you lift to build muscle,Start with lighter weights.,重量訓練器材；啞鈴,
evocab:gym-stretch,stretch,Beginning,A2,E-vocab,Health & Body,At the Gym,,verb,to make your muscles long to relax them,Stretch before you run.,伸展,
evocab:gym-workout,workout,Middle,B1,E-vocab,Health & Body,At the Gym,,noun,a session of physical exercise,My workout takes forty minutes.,鍛鍊；健身,
evocab:gym-membership,membership,Middle,B1,E-vocab,Health & Body,At the Gym,,noun,"the right to use a club, usually by paying a fee","A monthly membership costs NT$1,500.",會員資格,
evocab:gym-repetition,repetition,Middle,B2,E-vocab,Health & Body,At the Gym,,noun,one complete movement of an exercise,Do three sets of twelve repetitions.,反覆次數,
evocab:gym-endurance,endurance,Middle,B2,E-vocab,Health & Body,At the Gym,,noun,the ability to keep doing something difficult for a long time,Cycling improves endurance.,耐力,
evocab:gym-regimen,regimen,Advanced,C1,E-vocab,Health & Body,At the Gym,,noun,a strict plan of exercise or diet,She follows a strict training regimen.,訓練計畫；養生計畫,
evocab:gym-sedentary,sedentary,Advanced,C2,E-vocab,Health & Body,At the Gym,,adjective,involving a lot of sitting and little movement,A sedentary job makes regular exercise important.,久坐不動的,
evocab:meeting-talk,talk,Beginning,A1,E-vocab,Work & Career,In a Meeting,,verb,to speak with someone,Let's talk about the plan.,談話,
evocab:meeting-idea,idea,Beginning,A1,E-vocab,Work & Career,In a Meeting,,noun,a thought or suggestion,That's a great idea!,想法；點子,
evocab:meeting-late,late,Beginning,A1,E-vocab,Work & Career,In a Meeting,,adjective,arriving after the expected time,Sorry I'm late.,遲到的,
evocab:meeting-agree,agree,Beginning,A2,E-vocab,Work & Career,In a Meeting,,verb,to have the same opinion,I agree with Lisa.,同意,
evocab:meeting-discuss,discuss,Beginning,A2,E-vocab,Work & Career,In a Meeting,,verb,to talk about something in detail,We need to discuss the budget.,討論,
evocab:meeting-notes,notes,Beginning,A2,E-vocab,Work & Career,In a Meeting,,noun,short written records of what was said,Can someone take notes?,筆記,
evocab:meeting-summarize,summarize,Middle,B1,E-vocab,Work & Career,In a Meeting,,verb,to give the main points briefly,Let me summarize what we decided.,總結,
evocab:meeting-suggestion,suggestion,Middle,B1,E-vocab,Work & Career,In a Meeting,,noun,an idea that you offer for others to consider,Does anyone have a suggestion?,建議,
evocab:meeting-objection,objection,Middle,B2,E-vocab,Work & Career,In a Meeting,,noun,a statement that you disagree with something,Are there any objections to the new schedule?,異議；反對,
evocab:meeting-minutes,minutes,Middle,B2,E-vocab,Work & Career,In a Meeting,,noun,the official written record of a meeting,I'll send the minutes after the meeting.,會議記錄,
evocab:meeting-digress,digress,Advanced,C1,E-vocab,Work & Career,In a Meeting,,verb,to move away from the main subject,"Sorry, I digressed—back to the main point.",離題,
evocab:meeting-deliberation,deliberation,Advanced,C2,E-vocab,Work & Career,In a Meeting,,noun,long and careful discussion before a decision,"After long deliberation, the board approved the plan.",審議；仔細商討,
evocab:emails-send,send,Beginning,A1,E-vocab,Work & Career,Writing Emails,,verb,to make something go to another person,I'll send you the file today.,寄送；傳送,
evocab:emails-message,message,Beginning,A1,E-vocab,Work & Career,Writing Emails,,noun,a piece of written information sent to someone,I got your message this morning.,訊息,
evocab:emails-write,write,Beginning,A1,E-vocab,Work & Career,Writing Emails,,verb,to put words on paper or a screen,I'll write to her tonight.,寫,
evocab:emails-reply,reply,Beginning,A2,E-vocab,Work & Career,Writing Emails,,verb,to answer someone,Please reply by Friday.,回覆,
evocab:emails-subject,subject,Beginning,A2,E-vocab,Work & Career,Writing Emails,,noun,the line that says what an email is about,Use a clear subject line.,主旨,
evocab:emails-forward,forward,Beginning,A2,E-vocab,Work & Career,Writing Emails,,verb,to send an email you received to another person,Could you forward me that email?,轉寄,
evocab:emails-attachment,attachment,Middle,B1,E-vocab,Work & Career,Writing Emails,,noun,a file sent with an email,The report is in the attachment.,附件,
evocab:emails-inbox,inbox,Middle,B1,E-vocab,Work & Career,Writing Emails,,noun,the place where your new emails arrive,My inbox is full of newsletters.,收件匣,
evocab:emails-follow-up,follow up,Middle,B2,E-vocab,Work & Career,Writing Emails,,phrasal verb,to contact someone again about something,I'm writing to follow up on our call.,後續追蹤,
evocab:emails-regarding,regarding,Middle,B2,E-vocab,Work & Career,Writing Emails,,preposition,about; on the subject of,I have a question regarding the invoice.,關於,
evocab:emails-concise,concise,Advanced,C1,E-vocab,Work & Career,Writing Emails,,adjective,short and clear,Keep your emails concise.,簡潔的,
evocab:emails-correspondence,correspondence,Advanced,C2,E-vocab,Work & Career,Writing Emails,,noun,letters or emails sent between people,Please keep a record of all correspondence with the client.,往來信件,
evocab:family-brother,brother,Beginning,A1,E-vocab,People & Relationships,Talking About Family,,noun,a boy or man with the same parents as you,My brother lives in Kaohsiung.,兄弟,
evocab:family-sister,sister,Beginning,A1,E-vocab,People & Relationships,Talking About Family,,noun,a girl or woman with the same parents as you,My sister is two years older than me.,姊妹,
evocab:family-parents,parents,Beginning,A1,E-vocab,People & Relationships,Talking About Family,,noun,your mother and father,My parents are retired.,父母,
evocab:family-cousin,cousin,Beginning,A2,E-vocab,People & Relationships,Talking About Family,,noun,the child of your aunt or uncle,My cousin is getting married.,表／堂兄弟姊妹,
evocab:family-grandparents,grandparents,Beginning,A2,E-vocab,People & Relationships,Talking About Family,,noun,the parents of your mother or father,We visit my grandparents every Lunar New Year.,祖父母；外祖父母,
evocab:family-married,married,Beginning,A2,E-vocab,People & Relationships,Talking About Family,,adjective,having a husband or wife,My sister has been married for five years.,已婚的,
evocab:family-relative,relative,Middle,B1,E-vocab,People & Relationships,Talking About Family,,noun,a person in your family,Many relatives came to the wedding.,親戚,
evocab:family-siblings,siblings,Middle,B1,E-vocab,People & Relationships,Talking About Family,,noun,brothers and sisters,Do you have any siblings?,兄弟姊妹,
evocab:family-upbringing,upbringing,Middle,B2,E-vocab,People & Relationships,Talking About Family,,noun,the way you were cared for and taught as a child,She had a strict upbringing.,成長背景；教養,
evocab:family-in-laws,in-laws,Middle,B2,E-vocab,People & Relationships,Talking About Family,,noun,the family of your husband or wife,I'm having dinner with my in-laws.,姻親,
evocab:family-close-knit,close-knit,Advanced,C1,E-vocab,People & Relationships,Talking About Family,,adjective,(of a group) caring about and supporting each other,We are a close-knit family.,關係緊密的,
evocab:family-estranged,estranged,Advanced,C2,E-vocab,People & Relationships,Talking About Family,,adjective,no longer in contact with a family member,He has been estranged from his father for years.,疏遠的；失和的,
evocab:small-talk-weather,weather,Beginning,A1,E-vocab,People & Relationships,Making Small Talk,,noun,"the conditions outside, like sun or rain",The weather is lovely today.,天氣,
evocab:small-talk-weekend,weekend,Beginning,A1,E-vocab,People & Relationships,Making Small Talk,,noun,Saturday and Sunday,How was your weekend?,週末,
evocab:small-talk-nice,nice,Beginning,A1,E-vocab,People & Relationships,Making Small Talk,,adjective,pleasant or kind,Nice to meet you.,好的；令人愉快的,
evocab:small-talk-chat,chat,Beginning,A2,E-vocab,People & Relationships,Making Small Talk,,verb,"to talk in a friendly, informal way",We chatted for an hour.,聊天,
evocab:small-talk-plans,plans,Beginning,A2,E-vocab,People & Relationships,Making Small Talk,,noun,things you intend to do,Any plans for the holiday?,計畫,
evocab:small-talk-interesting,interesting,Beginning,A2,E-vocab,People & Relationships,Making Small Talk,,adjective,making you want to know more,That sounds interesting!,有趣的,
evocab:small-talk-lately,lately,Middle,B1,E-vocab,People & Relationships,Making Small Talk,,adverb,recently,Have you been busy lately?,最近,
evocab:small-talk-catch-up,catch up,Middle,B1,E-vocab,People & Relationships,Making Small Talk,,phrasal verb,to talk about what has happened since you last met,Let's catch up over coffee.,敘舊；聊近況,Everyday English (Advanced)
evocab:small-talk-icebreaker,icebreaker,Middle,B2,E-vocab,People & Relationships,Making Small Talk,,noun,something said or done to help people relax and start talking,The weather is a safe icebreaker.,破冰話題,
evocab:small-talk-mingle,mingle,Middle,B2,E-vocab,People & Relationships,Making Small Talk,,verb,to move around and talk with different people,Try to mingle at the party.,與人寒暄；交際,
evocab:small-talk-affable,affable,Advanced,C1,E-vocab,People & Relationships,Making Small Talk,,adjective,friendly and easy to talk to,He's affable and easy to talk to.,和藹可親的,
evocab:small-talk-banter,banter,Advanced,C2,E-vocab,People & Relationships,Making Small Talk,,noun,"friendly, joking conversation",The friendly banter made everyone relax.,打趣；玩笑話,
evocab:feelings-happy,happy,Beginning,A1,E-vocab,People & Relationships,Talking About Feelings,,adjective,feeling pleased,I'm happy to see you.,快樂的,
evocab:feelings-sad,sad,Beginning,A1,E-vocab,People & Relationships,Talking About Feelings,,adjective,feeling unhappy,She felt sad when her friend moved away.,難過的,
evocab:feelings-angry,angry,Beginning,A1,E-vocab,People & Relationships,Talking About Feelings,,adjective,feeling strong displeasure,He was angry about the delay.,生氣的,
evocab:feelings-worried,worried,Beginning,A2,E-vocab,People & Relationships,Talking About Feelings,,adjective,thinking about problems that might happen,I'm worried about my exam.,擔心的,
evocab:feelings-nervous,nervous,Beginning,A2,E-vocab,People & Relationships,Talking About Feelings,,adjective,feeling a little afraid before something,I always get nervous before a presentation.,緊張的,
evocab:feelings-excited,excited,Beginning,A2,E-vocab,People & Relationships,Talking About Feelings,,adjective,feeling very happy about something that will happen,We're excited about our trip.,興奮的,
evocab:feelings-upset,upset,Middle,B1,E-vocab,People & Relationships,Talking About Feelings,,adjective,unhappy because something bad happened,She was upset about the news.,不高興的；難過的,
evocab:feelings-disappointed,disappointed,Middle,B1,E-vocab,People & Relationships,Talking About Feelings,,adjective,sad because something was not as good as hoped,I was disappointed with the ending.,失望的,
evocab:feelings-frustrated,frustrated,Middle,B2,E-vocab,People & Relationships,Talking About Feelings,,adjective,annoyed because you cannot do what you want,He felt frustrated by the slow progress.,沮喪的；惱火的,
evocab:feelings-relieved,relieved,Middle,B2,E-vocab,People & Relationships,Talking About Feelings,,adjective,happy because a worry has ended,I was relieved to hear she was safe.,鬆了一口氣的,Everyday English (Beginning)
evocab:feelings-ambivalent,ambivalent,Advanced,C1,E-vocab,People & Relationships,Talking About Feelings,,adjective,having mixed feelings about something,I feel ambivalent about moving abroad.,矛盾的；猶豫不決的,
evocab:feelings-despondent,despondent,Advanced,C2,E-vocab,People & Relationships,Talking About Feelings,,adjective,without hope and very unhappy,He became despondent after losing his job.,沮喪的；絕望的,
evocab:bank-money,money,Beginning,A1,E-vocab,Shopping & Money,At the Bank,,noun,coins and paper notes used to buy things,I need to get some money.,錢,
evocab:bank-card,card,Beginning,A1,E-vocab,Shopping & Money,At the Bank,,noun,a small plastic card used to pay or get cash,I paid with my card.,卡片,
evocab:bank-count,count,Beginning,A1,E-vocab,Shopping & Money,At the Bank,,verb,to find the total number of something,Please count the money before you leave.,數；點算,
evocab:bank-cash,cash,Beginning,A2,E-vocab,Shopping & Money,At the Bank,,noun,money in coins or paper notes,Do you take cash?,現金,
evocab:bank-save,save,Beginning,A2,E-vocab,Shopping & Money,At the Bank,,verb,to keep money to use later,I save a little money every month.,存（錢）,
evocab:bank-atm,ATM,Beginning,A2,E-vocab,Shopping & Money,At the Bank,,noun,a machine where you can take out money,Is there an ATM nearby?,自動提款機,
evocab:bank-balance,balance,Middle,B1,E-vocab,Shopping & Money,At the Bank,,noun,the amount of money in a bank account,Check your balance at the ATM.,餘額,
evocab:bank-withdraw,withdraw,Middle,B1,E-vocab,Shopping & Money,At the Bank,,verb,to take money out of a bank account,"I withdrew NT$3,000 from the ATM.",提款,
evocab:bank-interest,interest,Middle,B2,E-vocab,Shopping & Money,At the Bank,,noun,money a bank pays you or charges you over time,This savings account pays 1.5% interest.,利息,
evocab:bank-loan,loan,Middle,B2,E-vocab,Shopping & Money,At the Bank,,noun,money you borrow and must pay back,We took out a loan to buy the car.,貸款,
evocab:bank-overdraft,overdraft,Advanced,C1,E-vocab,Shopping & Money,At the Bank,,noun,an amount of money taken out that is more than you have,There's a fee if your account goes into overdraft.,透支,
evocab:bank-collateral,collateral,Advanced,C2,E-vocab,Shopping & Money,At the Bank,,noun,property you promise to give if you cannot pay back a loan,The bank asked for collateral before approving the loan.,擔保品；抵押品,
evocab:returns-broken,broken,Beginning,A1,E-vocab,Shopping & Money,Returning an Item,,adjective,damaged and not working,The lamp arrived broken.,壞掉的,
evocab:returns-box,box,Beginning,A1,E-vocab,Shopping & Money,Returning an Item,,noun,a container with flat sides,Please bring the item in its box.,盒子,
evocab:returns-new,new,Beginning,A1,E-vocab,Shopping & Money,Returning an Item,,adjective,not used before,Can I get a new one?,新的,
evocab:returns-exchange,exchange,Beginning,A2,E-vocab,Shopping & Money,Returning an Item,,verb,to give something back and get something else,Can I exchange this for a larger size?,換貨；交換,
evocab:returns-keep,keep,Beginning,A2,E-vocab,Shopping & Money,Returning an Item,,verb,to have something and not give it back,Keep the tags on until you're sure.,保留,
evocab:returns-tag,tag,Beginning,A2,E-vocab,Shopping & Money,Returning an Item,,noun,a small label attached to a product,The price tag is still on the shirt.,標籤；吊牌,
evocab:returns-policy,policy,Middle,B1,E-vocab,Shopping & Money,Returning an Item,,noun,a set of rules a business follows,What's your return policy?,規定；政策,
evocab:returns-damaged,damaged,Middle,B1,E-vocab,Shopping & Money,Returning an Item,,adjective,harmed or broken in some way,The box was damaged during delivery.,損壞的,
evocab:returns-defective,defective,Middle,B2,E-vocab,Shopping & Money,Returning an Item,,adjective,not working correctly because of a fault,The headphones were defective.,有瑕疵的,
evocab:returns-replacement,replacement,Middle,B2,E-vocab,Shopping & Money,Returning an Item,,noun,a new thing that takes the place of a damaged one,They sent a replacement the next day.,替換品,
evocab:returns-reimburse,reimburse,Advanced,C1,E-vocab,Shopping & Money,Returning an Item,,verb,to pay back money someone has spent,The store will reimburse your shipping costs.,償還；退還費用,
evocab:returns-recourse,recourse,Advanced,C2,E-vocab,Shopping & Money,Returning an Item,,noun,a way of getting help or a fair result,"If the seller refuses, you have legal recourse.",追索；求助途徑,
evocab:cafe-cake,cake,Beginning,A1,E-vocab,Food & Drink,At a Café,,noun,a sweet baked food,This chocolate cake is delicious.,蛋糕,
evocab:cafe-ice,ice,Beginning,A1,E-vocab,Food & Drink,At a Café,,noun,frozen water,"No ice, please.",冰塊,
evocab:cafe-sweet,sweet,Beginning,A1,E-vocab,Food & Drink,At a Café,,adjective,tasting of sugar,This drink is too sweet for me.,甜的,
evocab:cafe-barista,barista,Beginning,A2,E-vocab,Food & Drink,At a Café,,noun,a person who makes coffee drinks in a café,The barista wrote my name on the cup.,咖啡師,
evocab:cafe-straw,straw,Beginning,A2,E-vocab,Food & Drink,At a Café,,noun,a thin tube for drinking,Can I have a paper straw?,吸管,
evocab:cafe-lid,lid,Beginning,A2,E-vocab,Food & Drink,At a Café,,noun,a cover for a cup or container,Make sure the lid is on tight.,蓋子,
evocab:cafe-blend,blend,Middle,B1,E-vocab,Food & Drink,At a Café,,noun,a mix of different types of coffee or tea,This blend tastes nutty and smooth.,綜合豆；混合,
evocab:cafe-espresso,espresso,Middle,B1,E-vocab,Food & Drink,At a Café,,noun,strong coffee made by forcing hot water through ground beans,A latte starts with a shot of espresso.,濃縮咖啡,
evocab:cafe-outlet,outlet,Middle,B1,E-vocab,Food & Drink,At a Café,,noun,a place in a wall where you plug in electrical things,Is there an outlet near this table?,插座,
evocab:cafe-ambiance,ambiance,Middle,B2,E-vocab,Food & Drink,At a Café,,noun,the feeling or mood of a place,The café's quiet ambiance is perfect for studying.,氛圍,
evocab:cafe-loyalty-card,loyalty card,Middle,B2,E-vocab,Food & Drink,At a Café,,noun,a card that gives rewards to regular customers,"With my loyalty card, the tenth drink is free.",集點卡,
evocab:cafe-acidity,acidity,Middle,B2,E-vocab,Food & Drink,At a Café,,noun,"a bright, sharp taste in coffee",This light roast has a pleasant acidity.,酸度,
evocab:cafe-frothy,frothy,Advanced,C1,E-vocab,Food & Drink,At a Café,,adjective,covered with many small bubbles,The cappuccino was rich and frothy.,綿密起泡的,
evocab:cafe-patronize,patronize,Advanced,C1,E-vocab,Food & Drink,At a Café,,verb,to be a regular customer of a business,Many students patronize the café near campus.,光顧,
evocab:cafe-lingering,lingering,Advanced,C1,E-vocab,Food & Drink,At a Café,,adjective,lasting for a long time,Dark chocolate leaves a lingering aftertaste.,持久的；殘留的,
evocab:cafe-redolent,redolent,Advanced,C2,E-vocab,Food & Drink,At a Café,,adjective,"having a strong, pleasant smell",The shop was redolent of fresh bread.,散發香氣的,
evocab:cafe-velvety,velvety,Advanced,C2,E-vocab,Food & Drink,At a Café,,adjective,"smooth and soft, like velvet",Steamed milk gives the drink a velvety texture.,絲滑的,
evocab:restaurant-lunch,lunch,Beginning,A1,E-vocab,Food & Drink,At a Restaurant,,noun,a meal eaten in the middle of the day,Let's have lunch at noon.,午餐,
evocab:restaurant-rice,rice,Beginning,A1,E-vocab,Food & Drink,At a Restaurant,,noun,small white grains cooked as food,Would you like rice or noodles?,飯；米,
evocab:restaurant-soup,soup,Beginning,A1,E-vocab,Food & Drink,At a Restaurant,,noun,hot liquid food,The soup is a little salty.,湯,
evocab:restaurant-waiter,waiter,Beginning,A2,E-vocab,Food & Drink,At a Restaurant,,noun,a person who serves food in a restaurant,The waiter brought us some water.,服務生,
evocab:restaurant-napkin,napkin,Beginning,A2,E-vocab,Food & Drink,At a Restaurant,,noun,a piece of paper or cloth for wiping your mouth,Could we have more napkins?,餐巾（紙）,
evocab:restaurant-delicious,delicious,Beginning,A2,E-vocab,Food & Drink,At a Restaurant,,adjective,tasting very good,The dumplings were delicious.,美味的,
evocab:restaurant-vegetarian,vegetarian,Middle,B1,E-vocab,Food & Drink,At a Restaurant,,adjective,without meat or fish,Do you have any vegetarian dishes?,素食的,
evocab:restaurant-special,special,Middle,B1,E-vocab,Food & Drink,At a Restaurant,,noun,a dish a restaurant offers for a short time,Today's special is grilled salmon.,特餐,
evocab:restaurant-side-dish,side dish,Middle,B1,E-vocab,Food & Drink,At a Restaurant,,noun,a small dish served with the main dish,The steak comes with two side dishes.,配菜,
evocab:restaurant-allergen,allergen,Middle,B2,E-vocab,Food & Drink,At a Restaurant,,noun,a substance that causes an allergic reaction,Please list any allergens in this dish.,過敏原,
evocab:restaurant-garnish,garnish,Middle,B2,E-vocab,Food & Drink,At a Restaurant,,noun,a small amount of food added to decorate a dish,The soup is served with a parsley garnish.,盤飾；裝飾配菜,
evocab:restaurant-well-done,well-done,Middle,B2,E-vocab,Food & Drink,At a Restaurant,,adjective,(of meat) cooked all the way through,I'd like my steak well-done.,全熟的,
evocab:restaurant-savory,savory,Advanced,C1,E-vocab,Food & Drink,At a Restaurant,,adjective,salty or spicy rather than sweet,I prefer savory breakfasts to sweet ones.,鹹香的,
evocab:restaurant-sumptuous,sumptuous,Advanced,C1,E-vocab,Food & Drink,At a Restaurant,,adjective,"rich, large, and impressive",They served a sumptuous wedding banquet.,豐盛的；奢華的,
evocab:restaurant-la-carte,à la carte,Advanced,C1,E-vocab,Food & Drink,At a Restaurant,,adverb,"ordered as separate dishes, not as a set meal",You can order the dishes à la carte.,單點,
evocab:restaurant-gourmand,gourmand,Advanced,C2,E-vocab,Food & Drink,At a Restaurant,,noun,"a person who loves eating, often too much",He's a gourmand who never skips dessert.,老饕；貪吃的人,
evocab:restaurant-sommelier,sommelier,Advanced,C2,E-vocab,Food & Drink,At a Restaurant,,noun,a wine expert who serves in a restaurant,The sommelier suggested a white wine.,侍酒師,
evocab:night-market-chicken,chicken,Beginning,A1,E-vocab,Food & Drink,At the Night Market,,noun,meat from a chicken,The fried chicken here is huge.,雞肉,
evocab:night-market-noodles,noodles,Beginning,A1,E-vocab,Food & Drink,At the Night Market,,noun,"long, thin strips of food made from flour",Let's get beef noodles.,麵,
evocab:night-market-juice,juice,Beginning,A1,E-vocab,Food & Drink,At the Night Market,,noun,drink made from fruit,I'll have a cup of watermelon juice.,果汁,
evocab:night-market-fried,fried,Beginning,A2,E-vocab,Food & Drink,At the Night Market,,adjective,cooked in hot oil,Fried squid is my favorite.,油炸的,
evocab:night-market-grilled,grilled,Beginning,A2,E-vocab,Food & Drink,At the Night Market,,adjective,cooked over direct heat,The grilled corn smells amazing.,烤的,
evocab:night-market-crowd,crowd,Beginning,A2,E-vocab,Food & Drink,At the Night Market,,noun,a large group of people,We pushed through the crowd.,人群,
evocab:night-market-stinky-tofu,stinky tofu,Middle,B1,E-vocab,Food & Drink,At the Night Market,,noun,fermented tofu with a very strong smell,Have you ever tried stinky tofu?,臭豆腐,
evocab:night-market-to-go,to go,Middle,B1,E-vocab,Food & Drink,At the Night Market,,phrase,(of food) to take away and eat somewhere else,Can I get this to go?,外帶,
evocab:night-market-game-booth,game booth,Middle,B1,E-vocab,Food & Drink,At the Night Market,,noun,a stall where you play a game to win a prize,We won a prize at the game booth.,遊戲攤,
evocab:night-market-delicacy,delicacy,Middle,B2,E-vocab,Food & Drink,At the Night Market,,noun,"a special, often expensive or rare food",Oyster omelets are a local delicacy.,佳餚；特色美食,
evocab:night-market-bustling,bustling,Middle,B2,E-vocab,Food & Drink,At the Night Market,,adjective,full of busy activity,The bustling market stays open until midnight.,熙熙攘攘的,
evocab:night-market-haggle,haggle,Middle,B2,E-vocab,Food & Drink,At the Night Market,,verb,to argue about a price,Tourists sometimes haggle over souvenirs.,殺價,
evocab:night-market-hawker,hawker,Advanced,C1,E-vocab,Food & Drink,At the Night Market,,noun,"a person who sells things in the street, often loudly",Hawkers call out to passing shoppers.,沿街叫賣的小販,
evocab:night-market-teeming,teeming,Advanced,C1,E-vocab,Food & Drink,At the Night Market,,adjective,full of people or animals,The alleys were teeming with visitors.,擠滿的,
evocab:night-market-indulge,indulge,Advanced,C1,E-vocab,Food & Drink,At the Night Market,,verb,to let yourself enjoy something special,I indulged in three kinds of dessert.,盡情享受,
evocab:night-market-cacophony,cacophony,Advanced,C2,E-vocab,Food & Drink,At the Night Market,,noun,"a loud, unpleasant mix of sounds",A cacophony of music and shouting filled the air.,嘈雜聲,
evocab:night-market-ambrosial,ambrosial,Advanced,C2,E-vocab,Food & Drink,At the Night Market,,adjective,extremely delicious,The mango shaved ice was ambrosial.,美味至極的,
evocab:kitchen-bowl,bowl,Beginning,A1,E-vocab,Food & Drink,In the Kitchen,,noun,"a round, deep dish",Put the soup in a bowl.,碗,
evocab:kitchen-pot,pot,Beginning,A1,E-vocab,Food & Drink,In the Kitchen,,noun,a deep round container for cooking,Fill the pot with water.,鍋子,
evocab:kitchen-egg,egg,Beginning,A1,E-vocab,Food & Drink,In the Kitchen,,noun,an oval food laid by a hen,Crack two eggs into a bowl.,蛋,
evocab:kitchen-oven,oven,Beginning,A2,E-vocab,Food & Drink,In the Kitchen,,noun,a box-shaped device for baking food,Heat the oven to 180°C.,烤箱,
evocab:kitchen-stove,stove,Beginning,A2,E-vocab,Food & Drink,In the Kitchen,,noun,a device with burners for cooking,Don't leave the stove on.,爐子,
evocab:kitchen-pan,pan,Beginning,A2,E-vocab,Food & Drink,In the Kitchen,,noun,a flat metal container for frying,Heat some oil in a pan.,平底鍋,
evocab:kitchen-bake,bake,Middle,B1,E-vocab,Food & Drink,In the Kitchen,,verb,to cook in an oven,We baked cookies for the party.,烘焙,
evocab:kitchen-peel,peel,Middle,B1,E-vocab,Food & Drink,In the Kitchen,,verb,to remove the skin from fruit or vegetables,Peel the potatoes first.,削皮；剝皮,
evocab:kitchen-measure,measure,Middle,B1,E-vocab,Food & Drink,In the Kitchen,,verb,to find the exact amount of something,Measure two cups of flour.,量,
evocab:kitchen-season,season,Middle,B2,E-vocab,Food & Drink,In the Kitchen,,verb,"to add salt, pepper, or spices to food",Season the soup with salt and pepper.,調味,
evocab:kitchen-utensil,utensil,Middle,B2,E-vocab,Food & Drink,In the Kitchen,,noun,a tool used in cooking,Keep the utensils in the top drawer.,廚具,
evocab:kitchen-defrost,defrost,Middle,B2,E-vocab,Food & Drink,In the Kitchen,,verb,to let frozen food become soft,Defrost the chicken in the fridge overnight.,解凍,
evocab:kitchen-saut,sauté,Advanced,C1,E-vocab,Food & Drink,In the Kitchen,,verb,to fry quickly in a little oil,Sauté the onions until golden.,嫩煎；快炒,
evocab:kitchen-julienne,julienne,Advanced,C1,E-vocab,Food & Drink,In the Kitchen,,verb,"to cut into long, thin strips",Julienne the carrots for the salad.,切絲,
evocab:kitchen-caramelize,caramelize,Advanced,C1,E-vocab,Food & Drink,In the Kitchen,,verb,to cook until sugars turn brown and sweet,Caramelize the onions slowly.,焦糖化,
evocab:kitchen-emulsify,emulsify,Advanced,C2,E-vocab,Food & Drink,In the Kitchen,,verb,"to mix two liquids, like oil and vinegar, into a smooth sauce",Whisk quickly to emulsify the dressing.,乳化,
evocab:kitchen-mise-en-place,mise en place,Advanced,C2,E-vocab,Food & Drink,In the Kitchen,,noun,having all ingredients prepared before cooking,Professional cooks always start with mise en place.,備料就緒,
evocab:supermarket-bread,bread,Beginning,A1,E-vocab,Food & Drink,At a Supermarket,,noun,food made from flour and baked,We need a loaf of bread.,麵包,
evocab:supermarket-fruit,fruit,Beginning,A1,E-vocab,Food & Drink,At a Supermarket,,noun,sweet food that grows on trees and plants,The fruit is near the entrance.,水果,
evocab:supermarket-bottle,bottle,Beginning,A1,E-vocab,Food & Drink,At a Supermarket,,noun,a container for liquids,Buy a bottle of water.,瓶子,
evocab:supermarket-basket,basket,Beginning,A2,E-vocab,Food & Drink,At a Supermarket,,noun,a container you carry while shopping,Grab a basket at the entrance.,購物籃,
evocab:supermarket-frozen,frozen,Beginning,A2,E-vocab,Food & Drink,At a Supermarket,,adjective,kept very cold so it becomes hard,Frozen dumplings are in aisle five.,冷凍的,
evocab:supermarket-vegetables,vegetables,Beginning,A2,E-vocab,Food & Drink,At a Supermarket,,noun,plants eaten as food,Fresh vegetables are cheaper in the morning.,蔬菜,
evocab:supermarket-brand,brand,Middle,B1,E-vocab,Food & Drink,At a Supermarket,,noun,a product name made by a company,This brand is cheaper and just as good.,品牌,
evocab:supermarket-expiration-date,expiration date,Middle,B1,E-vocab,Food & Drink,At a Supermarket,,noun,the date after which food should not be eaten (American English),Check the expiration date on the milk.,有效期限,
evocab:supermarket-deli,deli,Middle,B1,E-vocab,Food & Drink,At a Supermarket,,noun,a counter that sells cooked meats and cheeses,Get some sliced ham from the deli.,熟食區,
evocab:supermarket-out-of-stock,out of stock,Middle,B2,E-vocab,Food & Drink,At a Supermarket,,phrase,not available because it has all been sold,The oat milk is out of stock.,缺貨,
evocab:supermarket-self-checkout,self-checkout,Middle,B2,E-vocab,Food & Drink,At a Supermarket,,noun,a machine where you scan and pay for items yourself,The self-checkout line is shorter.,自助結帳,
evocab:supermarket-coupon,coupon,Middle,B2,E-vocab,Food & Drink,At a Supermarket,,noun,a ticket that gives you a discount,I have a coupon for 20% off.,優惠券,
evocab:supermarket-impulse-buy,impulse buy,Advanced,C1,E-vocab,Food & Drink,At a Supermarket,,noun,something you buy without planning to,Candy at the register is a classic impulse buy.,衝動購買的東西,
evocab:supermarket-staple,staple,Advanced,C1,E-vocab,Food & Drink,At a Supermarket,,noun,a basic food that people eat regularly,Rice is a staple in Taiwan.,主食；必需品,
evocab:supermarket-shelf-life,shelf life,Advanced,C1,E-vocab,Food & Drink,At a Supermarket,,noun,how long a product stays good to use,Canned food has a long shelf life.,保存期限,
evocab:supermarket-comestibles,comestibles,Advanced,C2,E-vocab,Food & Drink,At a Supermarket,,noun,a formal word for food,The store stocks fine comestibles from Europe.,食品,
evocab:supermarket-provisions,provisions,Advanced,C2,E-vocab,Food & Drink,At a Supermarket,,noun,supplies of food for a trip or emergency,We bought provisions for the camping trip.,糧食；儲備物資,
evocab:clothing-store-pants,pants,Beginning,A1,E-vocab,Clothing & Style,At a Clothing Store,,noun,clothing that covers each leg separately (American English),These pants are too long.,褲子,
evocab:clothing-store-skirt,skirt,Beginning,A1,E-vocab,Clothing & Style,At a Clothing Store,,noun,clothing that hangs from the waist,She tried on a blue skirt.,裙子,
evocab:clothing-store-t-shirt,T-shirt,Beginning,A1,E-vocab,Clothing & Style,At a Clothing Store,,noun,a casual cotton top with short sleeves,I bought two plain T-shirts.,T恤,
evocab:clothing-store-jeans,jeans,Beginning,A2,E-vocab,Clothing & Style,At a Clothing Store,,noun,pants made of strong blue cotton,Do these jeans come in black?,牛仔褲,
evocab:clothing-store-cotton,cotton,Beginning,A2,E-vocab,Clothing & Style,At a Clothing Store,,noun,soft cloth made from a plant,This shirt is 100% cotton.,棉,
evocab:clothing-store-tight,tight,Beginning,A2,E-vocab,Clothing & Style,At a Clothing Store,,adjective,fitting the body closely,These jeans are too tight.,緊的,Everyday English (Middle)
evocab:clothing-store-style,style,Middle,B1,E-vocab,Clothing & Style,At a Clothing Store,,noun,a particular design of clothing,Do you have this style in black?,款式,
evocab:clothing-store-fashionable,fashionable,Middle,B1,E-vocab,Clothing & Style,At a Clothing Store,,adjective,popular at a particular time,Her coat is warm and fashionable.,時髦的,
evocab:clothing-store-suit,suit,Middle,B1,E-vocab,Clothing & Style,At a Clothing Store,,noun,a jacket and pants made of the same cloth,He bought a suit for the wedding.,西裝,
evocab:clothing-store-collection,collection,Middle,B2,E-vocab,Clothing & Style,At a Clothing Store,,noun,a group of new clothes a designer releases,The new spring collection just arrived.,系列,
evocab:clothing-store-hem,hem,Middle,B2,E-vocab,Clothing & Style,At a Clothing Store,,noun,the folded bottom edge of clothing,Can you shorten the hem?,下襬；褲腳,
evocab:clothing-store-trendy,trendy,Middle,B2,E-vocab,Clothing & Style,At a Clothing Store,,adjective,very fashionable right now,Wide-leg pants are trendy this year.,流行的,
evocab:clothing-store-bespoke,bespoke,Advanced,C1,E-vocab,Clothing & Style,At a Clothing Store,,adjective,made specially for one customer,He ordered a bespoke suit.,訂製的,
evocab:clothing-store-garment,garment,Advanced,C1,E-vocab,Clothing & Style,At a Clothing Store,,noun,a piece of clothing,Hang the garment carefully.,衣服；服裝,
evocab:clothing-store-silhouette,silhouette,Advanced,C1,E-vocab,Clothing & Style,At a Clothing Store,,noun,the outline or shape of clothing,The dress has a simple silhouette.,輪廓；剪裁線條,
evocab:clothing-store-haute-couture,haute couture,Advanced,C2,E-vocab,Clothing & Style,At a Clothing Store,,noun,"expensive, high-fashion clothing made by top designers",The museum showed haute couture from Paris.,高級訂製服,
evocab:clothing-store-haberdashery,haberdashery,Advanced,C2,E-vocab,Clothing & Style,At a Clothing Store,,noun,a store that sells men's clothing (American English),He bought a tie at the haberdashery.,男士服飾店,
evocab:getting-dressed-glasses,glasses,Beginning,A1,E-vocab,Clothing & Style,Getting Dressed,,noun,two lenses in a frame that help you see,I can't find my glasses.,眼鏡,
evocab:getting-dressed-boots,boots,Beginning,A1,E-vocab,Clothing & Style,Getting Dressed,,noun,strong shoes that cover the ankle,Wear boots in the snow.,靴子,
evocab:getting-dressed-scarf,scarf,Beginning,A1,E-vocab,Clothing & Style,Getting Dressed,,noun,a long piece of cloth worn around the neck,Take a scarf—it's windy.,圍巾,
evocab:getting-dressed-belt,belt,Beginning,A2,E-vocab,Clothing & Style,Getting Dressed,,noun,a strip of leather worn around the waist,These pants need a belt.,皮帶,
evocab:getting-dressed-pajamas,pajamas,Beginning,A2,E-vocab,Clothing & Style,Getting Dressed,,noun,loose clothes you sleep in (American English),The kids are already in their pajamas.,睡衣,
evocab:getting-dressed-uniform,uniform,Beginning,A2,E-vocab,Clothing & Style,Getting Dressed,,noun,special clothes worn by members of a group,Students wear a uniform at my school.,制服,
evocab:getting-dressed-button-up,button up,Middle,B1,E-vocab,Clothing & Style,Getting Dressed,,phrasal verb,to fasten the buttons on clothing,Button up your coat—it's windy.,扣上釦子,
evocab:getting-dressed-tuck-in,tuck in,Middle,B1,E-vocab,Clothing & Style,Getting Dressed,,phrasal verb,to push the bottom of a shirt into pants,Tuck in your shirt for the photo.,紮進去,
evocab:getting-dressed-wardrobe,wardrobe,Middle,B1,E-vocab,Clothing & Style,Getting Dressed,,noun,all the clothes a person owns,My wardrobe is mostly black and white.,衣櫥；全部衣物,
evocab:getting-dressed-formal,formal,Middle,B2,E-vocab,Clothing & Style,Getting Dressed,,adjective,suitable for serious or important events,"The dinner is formal, so wear a suit.",正式的,
evocab:getting-dressed-dress-code,dress code,Middle,B2,E-vocab,Clothing & Style,Getting Dressed,,noun,rules about what clothes to wear,What's the dress code for the party?,服裝規定,
evocab:getting-dressed-mismatched,mismatched,Middle,B2,E-vocab,Clothing & Style,Getting Dressed,,adjective,not going well together,He wore mismatched socks by accident.,不搭的,
evocab:getting-dressed-ensemble,ensemble,Advanced,C1,E-vocab,Clothing & Style,Getting Dressed,,noun,a set of clothes worn together,Her ensemble was perfect for the gala.,整套服裝,
evocab:getting-dressed-flattering,flattering,Advanced,C1,E-vocab,Clothing & Style,Getting Dressed,,adjective,making someone look attractive,That color is very flattering on you.,顯身材的；好看的,
evocab:getting-dressed-frumpy,frumpy,Advanced,C1,E-vocab,Clothing & Style,Getting Dressed,,adjective,old-fashioned and unattractive,I felt frumpy in my old sweater.,老氣的,
evocab:getting-dressed-dapper,dapper,Advanced,C2,E-vocab,Clothing & Style,Getting Dressed,,adjective,neat and stylish (usually of a man),He looked dapper in his new suit.,衣著講究的,
evocab:getting-dressed-accoutrements,accoutrements,Advanced,C2,E-vocab,Clothing & Style,Getting Dressed,,noun,extra items of clothing or equipment,She arrived with all the accoutrements of a serious hiker.,配件；配備,
evocab:laundry-towel,towel,Beginning,A1,E-vocab,Clothing & Style,Doing Laundry,,noun,a cloth for drying your body,These towels are still wet.,毛巾,
evocab:laundry-dirty,dirty,Beginning,A1,E-vocab,Clothing & Style,Doing Laundry,,adjective,not clean,Put your dirty clothes in the basket.,髒的,
evocab:laundry-wet,wet,Beginning,A1,E-vocab,Clothing & Style,Doing Laundry,,adjective,covered with water,My jacket got wet in the rain.,濕的,
evocab:laundry-hang,hang,Beginning,A2,E-vocab,Clothing & Style,Doing Laundry,,verb,to put something up so it does not touch the ground,Hang the shirts outside to dry.,晾；掛,
evocab:laundry-fold,fold,Beginning,A2,E-vocab,Clothing & Style,Doing Laundry,,verb,to bend cloth so one part lies on another,Fold the clothes and put them away.,摺疊,
evocab:laundry-hanger,hanger,Beginning,A2,E-vocab,Clothing & Style,Doing Laundry,,noun,a shaped piece of plastic or wire for hanging clothes,Put your shirt on a hanger.,衣架,
evocab:laundry-fabric-softener,fabric softener,Middle,B1,E-vocab,Clothing & Style,Doing Laundry,,noun,liquid that makes clothes soft,Add fabric softener to the last rinse.,衣物柔軟精,
evocab:laundry-rinse,rinse,Middle,B1,E-vocab,Clothing & Style,Doing Laundry,,verb,to wash with clean water to remove soap,Rinse the shirt in cold water.,沖洗,
evocab:laundry-bleach,bleach,Middle,B1,E-vocab,Clothing & Style,Doing Laundry,,noun,a strong chemical that makes things white,Don't use bleach on colored clothes.,漂白水,
evocab:laundry-laundromat,laundromat,Middle,B2,E-vocab,Clothing & Style,Doing Laundry,,noun,a place with machines you pay to use for washing clothes,There's a 24-hour laundromat downstairs.,自助洗衣店,
evocab:laundry-wrinkle,wrinkle,Middle,B2,E-vocab,Clothing & Style,Doing Laundry,,verb,to form small lines and folds,Hang it up so it won't wrinkle.,起皺,
evocab:laundry-spin-cycle,spin cycle,Middle,B2,E-vocab,Clothing & Style,Doing Laundry,,noun,the part of washing that removes water by turning fast,The machine is loud during the spin cycle.,脫水行程,
evocab:laundry-pristine,pristine,Advanced,C1,E-vocab,Clothing & Style,Doing Laundry,,adjective,"perfectly clean, like new",Her white sneakers stay pristine.,潔淨如新的,
evocab:laundry-launder,launder,Advanced,C1,E-vocab,Clothing & Style,Doing Laundry,,verb,a formal word for washing clothes,The hotel launders all bedding daily.,洗滌,
evocab:laundry-lint,lint,Advanced,C1,E-vocab,Clothing & Style,Doing Laundry,,noun,small bits of fiber that come off clothes,Clean the lint filter after each load.,棉絮,
evocab:laundry-starch,starch,Advanced,C2,E-vocab,Clothing & Style,Doing Laundry,,verb,to make cloth stiff with a special powder or spray,He starches his shirt collars.,上漿,
evocab:laundry-sodden,sodden,Advanced,C2,E-vocab,Clothing & Style,Doing Laundry,,adjective,completely wet,Our clothes were sodden after the storm.,濕透的,
evocab:weather-clothes-snow,snow,Beginning,A1,E-vocab,Clothing & Style,Dressing for the Weather,,noun,soft white pieces of frozen water that fall from the sky,There's snow on Hehuan Mountain.,雪,
evocab:weather-clothes-wind,wind,Beginning,A1,E-vocab,Clothing & Style,Dressing for the Weather,,noun,moving air,The wind is strong today.,風,
evocab:weather-clothes-warm,warm,Beginning,A1,E-vocab,Clothing & Style,Dressing for the Weather,,adjective,pleasantly hot,Wear something warm tonight.,溫暖的,
evocab:weather-clothes-cloudy,cloudy,Beginning,A2,E-vocab,Clothing & Style,Dressing for the Weather,,adjective,with many clouds in the sky,"It's cloudy, but it won't rain.",多雲的,
evocab:weather-clothes-gloves,gloves,Beginning,A2,E-vocab,Clothing & Style,Dressing for the Weather,,noun,coverings for your hands,I need gloves on my scooter in winter.,手套,
evocab:weather-clothes-sunglasses,sunglasses,Beginning,A2,E-vocab,Clothing & Style,Dressing for the Weather,,noun,dark glasses that protect your eyes from the sun,Don't forget your sunglasses.,太陽眼鏡,
evocab:weather-clothes-freezing,freezing,Middle,B1,E-vocab,Clothing & Style,Dressing for the Weather,,adjective,extremely cold,It's freezing this morning.,冷得要命的,
evocab:weather-clothes-shorts,shorts,Middle,B1,E-vocab,Clothing & Style,Dressing for the Weather,,noun,short pants that end above the knee,It's too hot for jeans—wear shorts.,短褲,
evocab:weather-clothes-waterproof,waterproof,Middle,B1,E-vocab,Clothing & Style,Dressing for the Weather,,adjective,not letting water in,Buy waterproof shoes for the rainy season.,防水的,
evocab:weather-clothes-chilly,chilly,Middle,B2,E-vocab,Clothing & Style,Dressing for the Weather,,adjective,unpleasantly cool,Evenings in the mountains get chilly.,冷颼颼的,
evocab:weather-clothes-typhoon,typhoon,Middle,B2,E-vocab,Clothing & Style,Dressing for the Weather,,noun,a violent tropical storm in the western Pacific,Schools closed because of the typhoon.,颱風,
evocab:weather-clothes-drizzle,drizzle,Middle,B2,E-vocab,Clothing & Style,Dressing for the Weather,,noun,light rain in very small drops,"It's only a drizzle, so I'll skip the umbrella.",毛毛雨,
evocab:weather-clothes-downpour,downpour,Advanced,C1,E-vocab,Clothing & Style,Dressing for the Weather,,noun,a sudden heavy fall of rain,We got caught in a downpour.,傾盆大雨,
evocab:weather-clothes-insulated,insulated,Advanced,C1,E-vocab,Clothing & Style,Dressing for the Weather,,adjective,protected against cold or heat,Wear an insulated jacket in the mountains.,保暖隔熱的,
evocab:weather-clothes-muggy,muggy,Advanced,C1,E-vocab,Clothing & Style,Dressing for the Weather,,adjective,unpleasantly warm and humid,It's so muggy that my shirt is sticking to me.,悶熱潮濕的,
evocab:weather-clothes-frigid,frigid,Advanced,C2,E-vocab,Clothing & Style,Dressing for the Weather,,adjective,extremely cold,The frigid wind cut through my coat.,嚴寒的,
evocab:weather-clothes-torrential,torrential,Advanced,C2,E-vocab,Clothing & Style,Dressing for the Weather,,adjective,(of rain) falling very heavily,Torrential rain closed several roads.,滂沱的,
evocab:home-sofa,sofa,Beginning,A1,E-vocab,Home & Living,At Home,,noun,"a long, soft seat for two or more people",The cat is sleeping on the sofa.,沙發,
evocab:home-lamp,lamp,Beginning,A1,E-vocab,Home & Living,At Home,,noun,a light that stands on a table or floor,"Turn on the lamp, please.",檯燈,
evocab:home-bathroom,bathroom,Beginning,A1,E-vocab,Home & Living,At Home,,noun,"a room with a toilet, sink, and shower",The bathroom is down the hall.,浴室；廁所,
evocab:home-living-room,living room,Beginning,A2,E-vocab,Home & Living,At Home,,noun,a room for relaxing and watching TV,We watch TV in the living room.,客廳,
evocab:home-fridge,fridge,Beginning,A2,E-vocab,Home & Living,At Home,,noun,a machine that keeps food cold,There's juice in the fridge.,冰箱,
evocab:home-stairs,stairs,Beginning,A2,E-vocab,Home & Living,At Home,,noun,steps that go from one floor to another,Be careful on the stairs.,樓梯,
evocab:home-balcony,balcony,Middle,B1,E-vocab,Home & Living,At Home,,noun,a platform outside an upper window,We dry our clothes on the balcony.,陽台,
evocab:home-closet,closet,Middle,B1,E-vocab,Home & Living,At Home,,noun,a small room or cupboard for clothes (American English),My closet is full.,衣櫃,
evocab:home-cozy,cozy,Middle,B1,E-vocab,Home & Living,At Home,,adjective,warm and comfortable,The bedroom is small but cozy.,舒適溫馨的,
evocab:home-spacious,spacious,Middle,B2,E-vocab,Home & Living,At Home,,adjective,having a lot of space,The living room is bright and spacious.,寬敞的,
evocab:home-furnishings,furnishings,Middle,B2,E-vocab,Home & Living,At Home,,noun,furniture and decorations in a room,The furnishings are simple and modern.,家具陳設,
evocab:home-insulation,insulation,Middle,B2,E-vocab,Home & Living,At Home,,noun,material that keeps heat in or out,Good insulation keeps the house cool in summer.,隔熱材料,
evocab:home-homey,homey,Advanced,C1,E-vocab,Home & Living,At Home,,adjective,"comfortable and pleasant, like home (American English)",The guesthouse feels homey.,溫馨的,
evocab:home-nook,nook,Advanced,C1,E-vocab,Home & Living,At Home,,noun,"a small, quiet corner",I read in a sunny nook by the window.,角落,
evocab:home-ventilation,ventilation,Advanced,C1,E-vocab,Home & Living,At Home,,noun,the movement of fresh air through a space,The bathroom needs better ventilation.,通風,
evocab:home-abode,abode,Advanced,C2,E-vocab,Home & Living,At Home,,noun,a formal or humorous word for a home,Welcome to my humble abode.,住所,
evocab:home-hearth,hearth,Advanced,C2,E-vocab,Home & Living,At Home,,noun,the floor of a fireplace; a symbol of home,Home and hearth mattered most to them.,壁爐地面；家,
evocab:renting-house,house,Beginning,A1,E-vocab,Home & Living,Renting an Apartment,,noun,a building where people live,They rent a house near the beach.,房子,
evocab:renting-building,building,Beginning,A1,E-vocab,Home & Living,Renting an Apartment,,noun,a structure with walls and a roof,Our building has twelve floors.,大樓,
evocab:renting-live,live,Beginning,A1,E-vocab,Home & Living,Renting an Apartment,,verb,to have your home somewhere,I live on the fifth floor.,住,
evocab:renting-elevator,elevator,Beginning,A2,E-vocab,Home & Living,Renting an Apartment,,noun,a machine that carries people between floors (American English),Is there an elevator in the building?,電梯,
evocab:renting-furniture,furniture,Beginning,A2,E-vocab,Home & Living,Renting an Apartment,,noun,"tables, chairs, beds, and similar things",The apartment comes with furniture.,家具,
evocab:renting-roommate,roommate,Beginning,A2,E-vocab,Home & Living,Renting an Apartment,,noun,a person you share a home with,My roommate is from Hualien.,室友,
evocab:renting-furnished,furnished,Middle,B1,E-vocab,Home & Living,Renting an Apartment,,adjective,already containing furniture,We're looking for a furnished studio.,附家具的,
evocab:renting-listing,listing,Middle,B1,E-vocab,Home & Living,Renting an Apartment,,noun,an advertisement for a home to rent or buy,I found the listing online.,房屋刊登資訊,
evocab:renting-agent,agent,Middle,B1,E-vocab,Home & Living,Renting an Apartment,,noun,a person who helps people rent or buy homes,The agent showed us three apartments.,仲介,
evocab:renting-tenant,tenant,Middle,B2,E-vocab,Home & Living,Renting an Apartment,,noun,a person who pays rent to live somewhere,The previous tenant left last month.,房客,
evocab:renting-viewing,viewing,Middle,B2,E-vocab,Home & Living,Renting an Apartment,,noun,a visit to see a home that is for rent,We have a viewing on Saturday.,看房,
evocab:renting-contract,contract,Middle,B2,E-vocab,Home & Living,Renting an Apartment,,noun,a written legal agreement,Read the contract carefully before signing.,合約,
evocab:renting-dilapidated,dilapidated,Advanced,C1,E-vocab,Home & Living,Renting an Apartment,,adjective,old and in poor condition,The building looked dilapidated from outside.,破舊的,
evocab:renting-proximity,proximity,Advanced,C1,E-vocab,Home & Living,Renting an Apartment,,noun,the state of being near something,The apartment's proximity to the MRT is a big plus.,鄰近,
evocab:renting-arrears,arrears,Advanced,C1,E-vocab,Home & Living,Renting an Apartment,,noun,money that is owed and should have been paid,He was three months in arrears on his rent.,欠款,
evocab:renting-leasehold,leasehold,Advanced,C2,E-vocab,Home & Living,Renting an Apartment,,noun,the right to use a property for a fixed time,They bought the leasehold for ninety-nine years.,租賃權,
evocab:renting-tenancy,tenancy,Advanced,C2,E-vocab,Home & Living,Renting an Apartment,,noun,the period during which someone rents a property,The tenancy ends in June.,租期,
evocab:chores-help,help,Beginning,A1,E-vocab,Home & Living,Doing Chores,,verb,to do part of the work for someone,Can you help me clean the kitchen?,幫忙,
evocab:chores-plant,plant,Beginning,A1,E-vocab,Home & Living,Doing Chores,,noun,a living thing that grows in soil,Water the plants twice a week.,植物,
evocab:chores-make-the-bed,make the bed,Beginning,A1,E-vocab,Home & Living,Doing Chores,,phrase,to straighten the sheets and blankets,I make the bed every morning.,整理床鋪,
evocab:chores-messy,messy,Beginning,A2,E-vocab,Home & Living,Doing Chores,,adjective,untidy and dirty,My brother's room is always messy.,凌亂的,
evocab:chores-broom,broom,Beginning,A2,E-vocab,Home & Living,Doing Chores,,noun,a brush with a long handle for sweeping,The broom is behind the door.,掃把,
evocab:chores-dust,dust,Beginning,A2,E-vocab,Home & Living,Doing Chores,,noun,"fine, dry dirt",There's dust on the bookshelf.,灰塵,
evocab:chores-wipe,wipe,Middle,B1,E-vocab,Home & Living,Doing Chores,,verb,to clean by rubbing with a cloth,Wipe the table after dinner.,擦拭,
evocab:chores-scrub,scrub,Middle,B1,E-vocab,Home & Living,Doing Chores,,verb,to clean by rubbing hard,Scrub the bathtub with a brush.,刷洗,
evocab:chores-put-away,put away,Middle,B1,E-vocab,Home & Living,Doing Chores,,phrasal verb,to put something in its usual place,Put away the dishes when they're dry.,收好,
evocab:chores-chore-chart,chore chart,Middle,B2,E-vocab,Home & Living,Doing Chores,,noun,a list showing who does which chore,Our chore chart is on the fridge.,家事分配表,
evocab:chores-grime,grime,Middle,B2,E-vocab,Home & Living,Doing Chores,,noun,dirt that has built up on a surface,The oven was covered in grime.,污垢,
evocab:chores-sanitize,sanitize,Middle,B2,E-vocab,Home & Living,Doing Chores,,verb,to clean thoroughly to kill germs,Sanitize the kitchen counters every night.,消毒,
evocab:chores-spotless,spotless,Advanced,C1,E-vocab,Home & Living,Doing Chores,,adjective,perfectly clean,She keeps the kitchen spotless.,一塵不染的,
evocab:chores-neglect,neglect,Advanced,C1,E-vocab,Home & Living,Doing Chores,,noun,failure to take care of something,The garden suffered from years of neglect.,疏於照顧,
evocab:chores-upkeep,upkeep,Advanced,C1,E-vocab,Home & Living,Doing Chores,,noun,the work and cost of keeping something in good condition,The upkeep of a big house takes time.,維護；保養,
evocab:chores-fastidious,fastidious,Advanced,C2,E-vocab,Home & Living,Doing Chores,,adjective,very concerned about cleanliness and detail,He's fastidious about his desk.,過分講究的；愛乾淨的,
evocab:chores-squalor,squalor,Advanced,C2,E-vocab,Home & Living,Doing Chores,,noun,very dirty and unpleasant conditions,The apartment had fallen into squalor.,骯髒破敗,
evocab:hotel-night,night,Beginning,A1,E-vocab,Home & Living,At a Hotel,,noun,the time when it is dark,We're staying for three nights.,晚；夜,
evocab:hotel-pool,pool,Beginning,A1,E-vocab,Home & Living,At a Hotel,,noun,a place with water for swimming,The pool is on the roof.,游泳池,
evocab:hotel-breakfast,breakfast,Beginning,A1,E-vocab,Home & Living,At a Hotel,,noun,the first meal of the day,Breakfast is served until ten.,早餐,
evocab:hotel-double-room,double room,Beginning,A2,E-vocab,Home & Living,At a Hotel,,noun,"a room for two people, usually with one big bed",I booked a double room.,雙人房,
evocab:hotel-front-desk,front desk,Beginning,A2,E-vocab,Home & Living,At a Hotel,,noun,the place where guests check in (American English),Ask at the front desk for a map.,櫃檯,
evocab:hotel-wake-up-call,wake-up call,Beginning,A2,E-vocab,Home & Living,At a Hotel,,noun,a phone call to wake a guest at a set time,Could I have a wake-up call at six?,晨喚服務,
evocab:hotel-suite,suite,Middle,B1,E-vocab,Home & Living,At a Hotel,,noun,a set of connected hotel rooms,They stayed in the honeymoon suite.,套房,
evocab:hotel-housekeeping,housekeeping,Middle,B1,E-vocab,Home & Living,At a Hotel,,noun,the hotel staff who clean the rooms,Call housekeeping for extra towels.,房務部,
evocab:hotel-minibar,minibar,Middle,B1,E-vocab,Home & Living,At a Hotel,,noun,a small fridge with drinks in a hotel room,Drinks in the minibar cost extra.,迷你吧,
evocab:hotel-en-suite,en suite,Middle,B2,E-vocab,Home & Living,At a Hotel,,adjective,(of a bathroom) attached to a bedroom,Every room has an en suite bathroom.,附獨立衛浴的,
evocab:hotel-rate,rate,Middle,B2,E-vocab,Home & Living,At a Hotel,,noun,the price per night,The weekend rate is higher.,房價,
evocab:hotel-fully-booked,fully booked,Middle,B2,E-vocab,Home & Living,At a Hotel,,adjective,with no rooms available,The hotel is fully booked during the holiday.,客滿的,
evocab:hotel-boutique-hotel,boutique hotel,Advanced,C1,E-vocab,Home & Living,At a Hotel,,noun,"a small, stylish hotel",We stayed at a boutique hotel in Tainan.,精品旅館,
evocab:hotel-opulent,opulent,Advanced,C1,E-vocab,Home & Living,At a Hotel,,adjective,rich and luxurious,"The lobby is opulent, with marble floors.",富麗堂皇的,
evocab:hotel-valet,valet,Advanced,C1,E-vocab,Home & Living,At a Hotel,,noun,a person who parks guests' cars,The valet will park your car.,代客泊車人員,
evocab:hotel-palatial,palatial,Advanced,C2,E-vocab,Home & Living,At a Hotel,,adjective,"large and splendid, like a palace",The resort has a palatial lobby.,宮殿般的,
evocab:hotel-hostelry,hostelry,Advanced,C2,E-vocab,Home & Living,At a Hotel,,noun,an old-fashioned word for an inn or hotel,The old hostelry has welcomed travelers for a century.,旅店,
evocab:airport-leave,leave,Beginning,A1,E-vocab,Travel & Transportation,At the Airport,,verb,to go away from a place,Our plane leaves at 9 a.m.,出發；離開,
evocab:airport-arrive,arrive,Beginning,A1,E-vocab,Travel & Transportation,At the Airport,,verb,to reach a place,We arrive in Tokyo at noon.,抵達,
evocab:airport-trip,trip,Beginning,A1,E-vocab,Travel & Transportation,At the Airport,,noun,a journey to a place and back,Have a nice trip!,旅行,
evocab:airport-visa,visa,Beginning,A2,E-vocab,Travel & Transportation,At the Airport,,noun,an official document that lets you enter a country,Do I need a visa for Japan?,簽證,
evocab:airport-passenger,passenger,Beginning,A2,E-vocab,Travel & Transportation,At the Airport,,noun,a person traveling in a vehicle but not driving,All passengers must board now.,乘客,
evocab:airport-flight-attendant,flight attendant,Beginning,A2,E-vocab,Travel & Transportation,At the Airport,,noun,a person who looks after passengers on a plane,The flight attendant brought us water.,空服員,
evocab:airport-declare,declare,Middle,B1,E-vocab,Travel & Transportation,At the Airport,,verb,to tell officials about goods you bring into a country,Do you have anything to declare?,申報,
evocab:airport-connecting-flight,connecting flight,Middle,B1,E-vocab,Travel & Transportation,At the Airport,,noun,a second flight you take to reach your destination,I almost missed my connecting flight.,轉機航班,
evocab:airport-duty-free,duty-free,Middle,B1,E-vocab,Travel & Transportation,At the Airport,,adjective,not taxed,She bought perfume at the duty-free shop.,免稅的,
evocab:airport-jet-lag,jet lag,Middle,B2,E-vocab,Travel & Transportation,At the Airport,,noun,tiredness after flying across time zones,I still have jet lag after my trip to New York.,時差,
evocab:airport-overweight,overweight,Middle,B2,E-vocab,Travel & Transportation,At the Airport,,adjective,heavier than allowed,"Your bag is overweight, so there's a fee.",超重的,
evocab:airport-red-eye,red-eye,Middle,B2,E-vocab,Travel & Transportation,At the Airport,,noun,a flight that leaves late at night and arrives early,We took the red-eye to Seattle.,紅眼航班,
evocab:airport-stopover,stopover,Advanced,C1,E-vocab,Travel & Transportation,At the Airport,,noun,a short stay in a place during a long journey,We had a two-day stopover in Hong Kong.,中途停留,
evocab:airport-carousel,carousel,Advanced,C1,E-vocab,Travel & Transportation,At the Airport,,noun,the moving belt where bags are collected,Our bags came out on carousel four.,行李轉盤,
evocab:airport-contraband,contraband,Advanced,C1,E-vocab,Travel & Transportation,At the Airport,,noun,goods that are illegal to bring into a country,Customs found contraband in his suitcase.,違禁品,
evocab:airport-sojourn,sojourn,Advanced,C2,E-vocab,Travel & Transportation,At the Airport,,noun,a short stay in a place,"After a brief sojourn in Bangkok, we flew home.",短暫逗留,
evocab:airport-peregrination,peregrination,Advanced,C2,E-vocab,Travel & Transportation,At the Airport,,noun,a long journey from place to place,Her peregrinations took her across Asia.,長途遊歷,
evocab:subway-next,next,Beginning,A1,E-vocab,Travel & Transportation,Taking the Subway,,adjective,coming straight after this one,The next stop is Ximen.,下一個,
evocab:subway-wait,wait,Beginning,A1,E-vocab,Travel & Transportation,Taking the Subway,,verb,to stay until something happens,Wait behind the yellow line.,等待,
evocab:subway-fast,fast,Beginning,A1,E-vocab,Travel & Transportation,Taking the Subway,,adjective,moving quickly,The subway is faster than the bus.,快的,
evocab:subway-crowded,crowded,Beginning,A2,E-vocab,Travel & Transportation,Taking the Subway,,adjective,full of people,The train is crowded in the morning.,擁擠的,
evocab:subway-ticket-machine,ticket machine,Beginning,A2,E-vocab,Travel & Transportation,Taking the Subway,,noun,a machine that sells tickets,Buy a single-ride token at the ticket machine.,售票機,
evocab:subway-escalator,escalator,Beginning,A2,E-vocab,Travel & Transportation,Taking the Subway,,noun,moving stairs,Stand on the right on the escalator.,手扶梯,
evocab:subway-priority-seat,priority seat,Middle,B1,E-vocab,Travel & Transportation,Taking the Subway,,noun,"a seat for older, pregnant, or disabled passengers",Please give your priority seat to people who need it.,博愛座,
evocab:subway-turnstile,turnstile,Middle,B1,E-vocab,Travel & Transportation,Taking the Subway,,noun,a gate that lets one person through at a time,Tap your card at the turnstile.,閘門,
evocab:subway-route,route,Middle,B1,E-vocab,Travel & Transportation,Taking the Subway,,noun,the way from one place to another,Which route is the fastest?,路線,
evocab:subway-frequency,frequency,Middle,B2,E-vocab,Travel & Transportation,Taking the Subway,,noun,how often something happens,Trains run at a high frequency during the day.,頻率；班距,
evocab:subway-top-up,top up,Middle,B2,E-vocab,Travel & Transportation,Taking the Subway,,phrasal verb,to add money to a card,Top up your EasyCard at the machine.,儲值,
evocab:subway-punctual,punctual,Middle,B2,E-vocab,Travel & Transportation,Taking the Subway,,adjective,arriving at the right time,Taipei's MRT is very punctual.,準時的,
evocab:subway-terminus,terminus,Advanced,C1,E-vocab,Travel & Transportation,Taking the Subway,,noun,the last station on a line,Stay on until the terminus.,終點站,
evocab:subway-underpass,underpass,Advanced,C1,E-vocab,Travel & Transportation,Taking the Subway,,noun,a passage that goes under a road,Use the underpass to cross the street.,地下道,
evocab:subway-connectivity,connectivity,Advanced,C1,E-vocab,Travel & Transportation,Taking the Subway,,noun,how well places are linked by transportation,The city has excellent connectivity.,連通性,
evocab:subway-conurbation,conurbation,Advanced,C2,E-vocab,Travel & Transportation,Taking the Subway,,noun,a large area where several cities have grown together,Taipei and New Taipei form one large conurbation.,都會區,
evocab:subway-ingress,ingress,Advanced,C2,E-vocab,Travel & Transportation,Taking the Subway,,noun,a formal word for entering a place,Ingress is through Exit 2 only.,進入；入口,
evocab:taxi-taxi,taxi,Beginning,A1,E-vocab,Travel & Transportation,Taking a Taxi,,noun,a car with a driver that you pay to take you somewhere,Let's take a taxi home.,計程車,
evocab:taxi-here,here,Beginning,A1,E-vocab,Travel & Transportation,Taking a Taxi,,adverb,in or at this place,"Stop here, please.",這裡,
evocab:taxi-slow,slow,Beginning,A1,E-vocab,Travel & Transportation,Taking a Taxi,,adjective,not fast,Could you drive a little slower?,慢的,
evocab:taxi-seat-belt,seat belt,Beginning,A2,E-vocab,Travel & Transportation,Taking a Taxi,,noun,a belt that holds you in your seat,Please fasten your seat belt.,安全帶,
evocab:taxi-trunk,trunk,Beginning,A2,E-vocab,Travel & Transportation,Taking a Taxi,,noun,the space at the back of a car for bags (American English),Can you open the trunk?,後車廂,
evocab:taxi-drop-off,drop off,Beginning,A2,E-vocab,Travel & Transportation,Taking a Taxi,,phrasal verb,to take someone somewhere and leave them there,Please drop me off at the corner.,讓…下車,
evocab:taxi-honk,honk,Middle,B1,E-vocab,Travel & Transportation,Taking a Taxi,,verb,to make a loud noise with a car horn,The driver honked at the scooter.,按喇叭,
evocab:taxi-flag-down,flag down,Middle,B1,E-vocab,Travel & Transportation,Taking a Taxi,,phrasal verb,to wave at a vehicle to make it stop,I flagged down a taxi on the street.,招（車）,
evocab:taxi-shortcut,shortcut,Middle,B1,E-vocab,Travel & Transportation,Taking a Taxi,,noun,a quicker way to get somewhere,The driver knows a shortcut.,捷徑,
evocab:taxi-ride-hailing,ride-hailing,Middle,B2,E-vocab,Travel & Transportation,Taking a Taxi,,adjective,relating to booking a car through an app,I booked a car through a ride-hailing app.,叫車服務的,
evocab:taxi-flat-rate,flat rate,Middle,B2,E-vocab,Travel & Transportation,Taking a Taxi,,noun,a fixed price that does not change,There's a flat rate to the airport.,固定費率,
evocab:taxi-passenger-seat,passenger seat,Middle,B2,E-vocab,Travel & Transportation,Taking a Taxi,,noun,the seat next to the driver,I sat in the passenger seat.,副駕駛座,
evocab:taxi-chauffeur,chauffeur,Advanced,C1,E-vocab,Travel & Transportation,Taking a Taxi,,noun,a person paid to drive someone's car,The company hired a chauffeur for the guests.,私人司機,
evocab:taxi-toll,toll,Advanced,C1,E-vocab,Travel & Transportation,Taking a Taxi,,noun,money paid to use a road or bridge,The fare includes the highway toll.,過路費,
evocab:taxi-jaywalk,jaywalk,Advanced,C1,E-vocab,Travel & Transportation,Taking a Taxi,,verb,to cross a street where it is not allowed,Don't jaywalk—use the crosswalk.,違規穿越馬路,
evocab:taxi-vehicular,vehicular,Advanced,C2,E-vocab,Travel & Transportation,Taking a Taxi,,adjective,relating to vehicles,Vehicular access is limited downtown.,車輛的,
evocab:taxi-egress,egress,Advanced,C2,E-vocab,Travel & Transportation,Taking a Taxi,,noun,a formal word for leaving a place,Egress is through the rear door.,出口；離開,
evocab:directions-straight,straight,Beginning,A1,E-vocab,Travel & Transportation,Asking for Directions,,adverb,"in a line, without turning",Go straight for two blocks.,直直地,
evocab:directions-behind,behind,Beginning,A1,E-vocab,Travel & Transportation,Asking for Directions,,preposition,at the back of,The post office is behind the bank.,在…後面,
evocab:directions-next-to,next to,Beginning,A1,E-vocab,Travel & Transportation,Asking for Directions,,preposition,beside,The café is next to the school.,在…旁邊,
evocab:directions-between,between,Beginning,A2,E-vocab,Travel & Transportation,Asking for Directions,,preposition,in the space separating two things,The shop is between the bank and the park.,在…之間,
evocab:directions-opposite,opposite,Beginning,A2,E-vocab,Travel & Transportation,Asking for Directions,,adjective,on the other side,It's on the opposite side of the road.,對面的,
evocab:directions-sign,sign,Beginning,A2,E-vocab,Travel & Transportation,Asking for Directions,,noun,a board that gives information,Follow the signs to the museum.,標誌；招牌,
evocab:directions-crosswalk,crosswalk,Middle,B1,E-vocab,Travel & Transportation,Asking for Directions,,noun,a marked place to cross the street (American English),Cross at the crosswalk.,斑馬線,
evocab:directions-alley,alley,Middle,B1,E-vocab,Travel & Transportation,Asking for Directions,,noun,a narrow street between buildings,The restaurant is down a small alley.,巷子,
evocab:directions-overpass,overpass,Middle,B1,E-vocab,Travel & Transportation,Asking for Directions,,noun,a bridge that carries a road or path over another road,Take the overpass to the other side.,天橋；高架道路,
evocab:directions-bearings,bearings,Middle,B2,E-vocab,Travel & Transportation,Asking for Directions,,noun,your sense of where you are,I lost my bearings in the night market.,方位感,
evocab:directions-roundabout,roundabout,Middle,B2,E-vocab,Travel & Transportation,Asking for Directions,,noun,a circular place where several roads meet,Take the second exit at the roundabout.,圓環,
evocab:directions-backtrack,backtrack,Middle,B2,E-vocab,Travel & Transportation,Asking for Directions,,verb,to go back the way you came,We had to backtrack to the station.,原路折返,
evocab:directions-meander,meander,Advanced,C1,E-vocab,Travel & Transportation,Asking for Directions,,verb,to follow a winding route,The path meanders along the river.,蜿蜒；漫步,
evocab:directions-signage,signage,Advanced,C1,E-vocab,Travel & Transportation,Asking for Directions,,noun,"signs, especially as a system",The station's signage is in English and Chinese.,標示系統,
evocab:directions-cul-de-sac,cul-de-sac,Advanced,C1,E-vocab,Travel & Transportation,Asking for Directions,,noun,a street closed at one end,Our house is at the end of a quiet cul-de-sac.,死巷,
evocab:directions-wayfinding,wayfinding,Advanced,C2,E-vocab,Travel & Transportation,Asking for Directions,,noun,the process of finding your way in a place,Good wayfinding helps tourists feel confident.,尋路；指標導引,
evocab:directions-byway,byway,Advanced,C2,E-vocab,Travel & Transportation,Asking for Directions,,noun,a small road that few people use,We explored the quiet byways of Tainan.,小路,
evocab:school-lesson,lesson,Beginning,A1,E-vocab,School & Learning,At School,,noun,a period of time for learning something,Our English lesson starts at nine.,課,
evocab:school-classroom,classroom,Beginning,A1,E-vocab,School & Learning,At School,,noun,a room where classes are taught,Our classroom is on the third floor.,教室,
evocab:school-learn,learn,Beginning,A1,E-vocab,School & Learning,At School,,verb,to get knowledge or a skill,We learn English every day.,學習,
evocab:school-principal,principal,Beginning,A2,E-vocab,School & Learning,At School,,noun,the head of a school (American English),The principal gave a speech.,校長,
evocab:school-semester,semester,Beginning,A2,E-vocab,School & Learning,At School,,noun,half of a school year,The semester ends in January.,學期,
evocab:school-cafeteria,cafeteria,Beginning,A2,E-vocab,School & Learning,At School,,noun,"a restaurant where you serve yourself, often in a school",Let's eat lunch in the cafeteria.,學生餐廳,
evocab:school-graduate,graduate,Middle,B1,E-vocab,School & Learning,At School,,verb,to finish your studies successfully,She graduated from college last year.,畢業,
evocab:school-scholarship,scholarship,Middle,B1,E-vocab,School & Learning,At School,,noun,money given to a student to pay for education,He won a scholarship to study abroad.,獎學金,
evocab:school-tuition,tuition,Middle,B1,E-vocab,School & Learning,At School,,noun,money paid for teaching at a school or college,Tuition goes up every year.,學費,
evocab:school-extracurricular,extracurricular,Middle,B2,E-vocab,School & Learning,At School,,adjective,done outside the normal class schedule,She joined several extracurricular clubs.,課外的,
evocab:school-dormitory,dormitory,Middle,B2,E-vocab,School & Learning,At School,,noun,a building where students live,First-year students live in the dormitory.,宿舍,
evocab:school-major,major,Middle,B2,E-vocab,School & Learning,At School,,noun,the main subject you study at college,My major is economics.,主修,
evocab:school-faculty,faculty,Advanced,C1,E-vocab,School & Learning,At School,,noun,all the teachers in a school or college,The faculty meets every Monday.,全體教職員,
evocab:school-plagiarism,plagiarism,Advanced,C1,E-vocab,School & Learning,At School,,noun,copying someone else's work and calling it your own,Plagiarism can get you expelled.,抄襲,
evocab:school-alumni,alumni,Advanced,C1,E-vocab,School & Learning,At School,,noun,former students of a school,The alumni raised money for a new library.,校友,
evocab:school-erudite,erudite,Advanced,C2,E-vocab,School & Learning,At School,,adjective,having great knowledge from study,The professor gave an erudite lecture.,博學的,
evocab:school-valedictorian,valedictorian,Advanced,C2,E-vocab,School & Learning,At School,,noun,the top student who speaks at graduation (American English),The valedictorian thanked her parents.,畢業生致詞代表,
evocab:classroom-board,board,Beginning,A1,E-vocab,School & Learning,In the Classroom,,noun,a flat surface teachers write on,"Look at the board, please.",黑板；白板,
evocab:classroom-eraser,eraser,Beginning,A1,E-vocab,School & Learning,In the Classroom,,noun,an object used to remove pencil marks,Can I use your eraser?,橡皮擦,
evocab:classroom-listen,listen,Beginning,A1,E-vocab,School & Learning,In the Classroom,,verb,to pay attention to sound,Listen carefully to the instructions.,聽,
evocab:classroom-raise,raise,Beginning,A2,E-vocab,School & Learning,In the Classroom,,verb,to lift something up,Raise your hand to answer.,舉起,
evocab:classroom-pair,pair,Beginning,A2,E-vocab,School & Learning,In the Classroom,,noun,two people who work together,Work in pairs for this activity.,兩人一組,
evocab:classroom-spell,spell,Beginning,A2,E-vocab,School & Learning,In the Classroom,,verb,to say or write the letters of a word,How do you spell your name?,拼寫,
evocab:classroom-discussion,discussion,Middle,B1,E-vocab,School & Learning,In the Classroom,,noun,a conversation about a topic,We had a lively discussion about social media.,討論,
evocab:classroom-highlight,highlight,Middle,B1,E-vocab,School & Learning,In the Classroom,,verb,to mark important words with a bright pen,Highlight the key words in the text.,標記重點,
evocab:classroom-worksheet,worksheet,Middle,B1,E-vocab,School & Learning,In the Classroom,,noun,a sheet of paper with exercises,Complete the worksheet by Friday.,學習單,
evocab:classroom-peer,peer,Middle,B2,E-vocab,School & Learning,In the Classroom,,noun,a person of the same age or level,Students review a peer's essay.,同儕,
evocab:classroom-rubric,rubric,Middle,B2,E-vocab,School & Learning,In the Classroom,,noun,a list of standards used for grading,Check the rubric before you write.,評分標準,
evocab:classroom-prompt,prompt,Middle,B2,E-vocab,School & Learning,In the Classroom,,noun,a question or idea that helps you start writing,Write a paragraph based on the prompt.,題目提示,
evocab:classroom-interject,interject,Advanced,C1,E-vocab,School & Learning,In the Classroom,,verb,to interrupt with a comment,May I interject with a quick question?,插話,
evocab:classroom-coherent,coherent,Advanced,C1,E-vocab,School & Learning,In the Classroom,,adjective,clear and logically connected,Your argument is clear and coherent.,連貫的；有條理的,
evocab:classroom-paraphrase,paraphrase,Advanced,C1,E-vocab,School & Learning,In the Classroom,,verb,to express the same meaning in different words,Paraphrase the definition in your own words.,換句話說；改述,
evocab:classroom-socratic,Socratic,Advanced,C2,E-vocab,School & Learning,In the Classroom,,adjective,teaching by asking questions,The teacher uses the Socratic method.,蘇格拉底式的（提問教學）,
evocab:classroom-tacit,tacit,Advanced,C2,E-vocab,School & Learning,In the Classroom,,adjective,understood without being said,There's a tacit rule that phones stay in bags.,心照不宣的,
evocab:library-library,library,Beginning,A1,E-vocab,School & Learning,At the Library,,noun,a place where you can read and borrow books,The library is next to the gym.,圖書館,
evocab:library-book,book,Beginning,A1,E-vocab,School & Learning,At the Library,,noun,a set of printed pages inside a cover,I borrowed three books.,書,
evocab:library-page,page,Beginning,A1,E-vocab,School & Learning,At the Library,,noun,one side of a sheet of paper in a book,Turn to page ten.,頁,
evocab:library-library-card,library card,Beginning,A2,E-vocab,School & Learning,At the Library,,noun,a card that lets you borrow books,You need a library card to borrow books.,借書證,
evocab:library-author,author,Beginning,A2,E-vocab,School & Learning,At the Library,,noun,the writer of a book,Who is the author of this novel?,作者,
evocab:library-dictionary,dictionary,Beginning,A2,E-vocab,School & Learning,At the Library,,noun,a book that explains the meanings of words,Use a dictionary to check the meaning.,字典,
evocab:library-overdue,overdue,Middle,B1,E-vocab,School & Learning,At the Library,,adjective,not returned by the due date,This book is two weeks overdue.,逾期的,
evocab:library-novel,novel,Middle,B1,E-vocab,School & Learning,At the Library,,noun,a long story about imaginary people and events,I'm reading a mystery novel.,小說,
evocab:library-catalog,catalog,Middle,B1,E-vocab,School & Learning,At the Library,,noun,a list of all the items in a library (American English),Search the catalog for the title.,館藏目錄,
evocab:library-periodical,periodical,Middle,B2,E-vocab,School & Learning,At the Library,,noun,a magazine or journal published regularly,Recent periodicals are on the second floor.,期刊,
evocab:library-hold,hold,Middle,B2,E-vocab,School & Learning,At the Library,,noun,a request to save a book for you,Place a hold on the book online.,預約保留,
evocab:library-study-room,study room,Middle,B2,E-vocab,School & Learning,At the Library,,noun,"a quiet room for studying, often booked in advance",I booked a study room for two hours.,自習室,
evocab:library-manuscript,manuscript,Advanced,C1,E-vocab,School & Learning,At the Library,,noun,a handwritten or original version of a text,The museum displays an old manuscript.,手稿,
evocab:library-anthology,anthology,Advanced,C1,E-vocab,School & Learning,At the Library,,noun,a collection of writings by different authors,This anthology includes modern Taiwanese poems.,選集,
evocab:library-citation,citation,Advanced,C1,E-vocab,School & Learning,At the Library,,noun,a reference to a source you have used,Add a citation for each quote.,引用；出處,
evocab:library-compendium,compendium,Advanced,C2,E-vocab,School & Learning,At the Library,,noun,a collection of detailed information on a subject,The book is a compendium of folk tales.,彙編；綱要,
evocab:library-bibliophile,bibliophile,Advanced,C2,E-vocab,School & Learning,At the Library,,noun,a person who loves books,A true bibliophile can spend hours in the stacks.,愛書人,
evocab:test-test,test,Beginning,A1,E-vocab,School & Learning,Taking a Test,,noun,a set of questions to check what you know,We have a test on Friday.,考試,
evocab:test-study,study,Beginning,A1,E-vocab,School & Learning,Taking a Test,,verb,to spend time learning,I need to study tonight.,讀書,
evocab:test-finish,finish,Beginning,A1,E-vocab,School & Learning,Taking a Test,,verb,to complete something,Finish the test in forty minutes.,完成,
evocab:test-exam,exam,Beginning,A2,E-vocab,School & Learning,Taking a Test,,noun,an important test,The final exam is next week.,考試,
evocab:test-mistake,mistake,Beginning,A2,E-vocab,School & Learning,Taking a Test,,noun,something that is not correct,Check your answers for mistakes.,錯誤,
evocab:test-quiz,quiz,Beginning,A2,E-vocab,School & Learning,Taking a Test,,noun,a short test,We have a vocabulary quiz every Monday.,小考,
evocab:test-cram,cram,Middle,B1,E-vocab,School & Learning,Taking a Test,,verb,to study a lot in a short time before a test,I crammed all night for the exam.,臨時抱佛腳,
evocab:test-essay,essay,Middle,B1,E-vocab,School & Learning,Taking a Test,,noun,a short piece of writing on a subject,The test ends with an essay question.,短文；申論,
evocab:test-retake,retake,Middle,B1,E-vocab,School & Learning,Taking a Test,,verb,to take a test again,You can retake the test next month.,重考,
evocab:test-time-limit,time limit,Middle,B2,E-vocab,School & Learning,Taking a Test,,noun,the amount of time allowed,There's a strict time limit for each section.,時間限制,
evocab:test-fill-in-the-blank,fill-in-the-blank,Middle,B2,E-vocab,School & Learning,Taking a Test,,adjective,asking you to write the missing word,The second part is fill-in-the-blank.,填空的,
evocab:test-curve,curve,Middle,B2,E-vocab,School & Learning,Taking a Test,,noun,a system of adjusting grades based on the whole class (American English),The teacher graded the exam on a curve.,依比例調分,
evocab:test-standardized,standardized,Advanced,C1,E-vocab,School & Learning,Taking a Test,,adjective,"the same for everyone, so results can be compared",Standardized tests are common in Taiwan.,標準化的,
evocab:test-comprehensive,comprehensive,Advanced,C1,E-vocab,School & Learning,Taking a Test,,adjective,including everything,The final is a comprehensive exam.,全面的；綜合的,
evocab:test-aptitude,aptitude,Advanced,C1,E-vocab,School & Learning,Taking a Test,,noun,natural ability to do something,The company gives an aptitude test.,性向；天資,
evocab:test-summative,summative,Advanced,C2,E-vocab,School & Learning,Taking a Test,,adjective,measuring learning at the end of a course,The final is a summative assessment.,總結性的,
evocab:test-psychometric,psychometric,Advanced,C2,E-vocab,School & Learning,Taking a Test,,adjective,measuring mental abilities and personality,Some employers use psychometric tests.,心理測量的,
evocab:hobbies-sing,sing,Beginning,A1,E-vocab,Fun & Leisure,Talking About Hobbies,,verb,to make music with your voice,We sing karaoke on Fridays.,唱歌,
evocab:hobbies-dance,dance,Beginning,A1,E-vocab,Fun & Leisure,Talking About Hobbies,,verb,to move your body to music,She loves to dance.,跳舞,
evocab:hobbies-swim,swim,Beginning,A1,E-vocab,Fun & Leisure,Talking About Hobbies,,verb,to move through water using your arms and legs,I swim every morning.,游泳,
evocab:hobbies-guitar,guitar,Beginning,A2,E-vocab,Fun & Leisure,Talking About Hobbies,,noun,a musical instrument with six strings,He's learning to play the guitar.,吉他,
evocab:hobbies-camping,camping,Beginning,A2,E-vocab,Fun & Leisure,Talking About Hobbies,,noun,staying outdoors in a tent,We went camping in Taitung.,露營,
evocab:hobbies-photography,photography,Beginning,A2,E-vocab,Fun & Leisure,Talking About Hobbies,,noun,the art of taking photos,Photography is my favorite hobby.,攝影,
evocab:hobbies-gardening,gardening,Middle,B1,E-vocab,Fun & Leisure,Talking About Hobbies,,noun,growing plants and flowers,Gardening helps me relax.,園藝,
evocab:hobbies-knit,knit,Middle,B1,E-vocab,Fun & Leisure,Talking About Hobbies,,verb,to make clothes from yarn using two long needles,My grandmother knitted me a scarf.,編織,
evocab:hobbies-craft,craft,Middle,B1,E-vocab,Fun & Leisure,Talking About Hobbies,,noun,an activity of making things by hand,The kids enjoyed the paper craft.,手工藝,
evocab:hobbies-amateur,amateur,Middle,B2,E-vocab,Fun & Leisure,Talking About Hobbies,,adjective,"doing something for fun, not as a job",He's an amateur photographer.,業餘的,
evocab:hobbies-hands-on,hands-on,Middle,B2,E-vocab,Fun & Leisure,Talking About Hobbies,,adjective,involving doing something yourself,I like hands-on hobbies like pottery.,親自動手的,
evocab:hobbies-unwind,unwind,Middle,B2,E-vocab,Fun & Leisure,Talking About Hobbies,,verb,to relax after work or stress,Reading helps me unwind.,放鬆,
evocab:hobbies-avid,avid,Advanced,C1,E-vocab,Fun & Leisure,Talking About Hobbies,,adjective,very keen and enthusiastic,She's an avid reader.,熱衷的,
evocab:hobbies-aficionado,aficionado,Advanced,C1,E-vocab,Fun & Leisure,Talking About Hobbies,,noun,a person who knows a lot about and loves something,He's a jazz aficionado.,迷；行家,
evocab:hobbies-leisurely,leisurely,Advanced,C1,E-vocab,Fun & Leisure,Talking About Hobbies,,adjective,relaxed and not hurried,We took a leisurely bike ride.,悠閒的,
evocab:hobbies-virtuoso,virtuoso,Advanced,C2,E-vocab,Fun & Leisure,Talking About Hobbies,,noun,"a person with exceptional skill, especially in music",She's a piano virtuoso.,大師；名家,
evocab:hobbies-dalliance,dalliance,Advanced,C2,E-vocab,Fun & Leisure,Talking About Hobbies,,noun,"a brief, casual interest in something",His dalliance with pottery lasted one summer.,短暫涉獵,
evocab:movies-scary,scary,Beginning,A1,E-vocab,Fun & Leisure,At the Movies,,adjective,making you feel afraid,The movie was too scary for the kids.,可怕的,
evocab:movies-film,film,Beginning,A1,E-vocab,Fun & Leisure,At the Movies,,noun,another word for a movie,This film won many awards.,電影,
evocab:movies-star,star,Beginning,A1,E-vocab,Fun & Leisure,At the Movies,,noun,a famous actor,She's a big movie star.,明星,
evocab:movies-comedy,comedy,Beginning,A2,E-vocab,Fun & Leisure,At the Movies,,noun,a funny movie,Let's watch a comedy tonight.,喜劇,
evocab:movies-horror,horror,Beginning,A2,E-vocab,Fun & Leisure,At the Movies,,noun,a type of movie meant to frighten people,I don't watch horror movies alone.,恐怖片,
evocab:movies-screen,screen,Beginning,A2,E-vocab,Fun & Leisure,At the Movies,,noun,the large flat surface a movie is shown on,We sat close to the screen.,銀幕；螢幕,
evocab:movies-sequel,sequel,Middle,B1,E-vocab,Fun & Leisure,At the Movies,,noun,a movie that continues the story of an earlier one,The sequel was better than the first movie.,續集,
evocab:movies-director,director,Middle,B1,E-vocab,Fun & Leisure,At the Movies,,noun,the person in charge of making a movie,Ang Lee is a famous director.,導演,
evocab:movies-character,character,Middle,B1,E-vocab,Fun & Leisure,At the Movies,,noun,a person in a story,The main character is a young detective.,角色,
evocab:movies-box-office,box office,Middle,B2,E-vocab,Fun & Leisure,At the Movies,,noun,the money a movie earns from ticket sales,The movie was a box office hit.,票房,
evocab:movies-genre,genre,Middle,B2,E-vocab,Fun & Leisure,At the Movies,,noun,"a type or style of movie, music, or writing",Science fiction is my favorite genre.,類型,
evocab:movies-dubbed,dubbed,Middle,B2,E-vocab,Fun & Leisure,At the Movies,,adjective,with the original voices replaced in another language,I prefer subtitles to dubbed movies.,配音的,
evocab:movies-climax,climax,Advanced,C1,E-vocab,Fun & Leisure,At the Movies,,noun,the most exciting part of a story,The climax happens on a moving train.,高潮,
evocab:movies-acclaimed,acclaimed,Advanced,C1,E-vocab,Fun & Leisure,At the Movies,,adjective,praised by many people,It's an acclaimed documentary.,廣受讚譽的,
evocab:movies-gripping,gripping,Advanced,C1,E-vocab,Fun & Leisure,At the Movies,,adjective,so exciting that it holds your attention,The thriller was gripping from start to finish.,扣人心弦的,
evocab:movies-auteur,auteur,Advanced,C2,E-vocab,Fun & Leisure,At the Movies,,noun,a director with a strong personal style,Critics call him a true auteur.,作者導演,
evocab:movies-denouement,denouement,Advanced,C2,E-vocab,Fun & Leisure,At the Movies,,noun,"the final part of a story, where things are explained",The denouement ties up every mystery.,結局；收尾,
evocab:sports-goal,goal,Beginning,A1,E-vocab,Fun & Leisure,Playing Sports,,noun,a point scored by putting the ball in the net,He scored the winning goal.,進球；球門,
evocab:sports-lose,lose,Beginning,A1,E-vocab,Fun & Leisure,Playing Sports,,verb,to not win,We lost the game by one point.,輸,
evocab:sports-basketball,basketball,Beginning,A1,E-vocab,Fun & Leisure,Playing Sports,,noun,a game where you throw a ball through a high hoop,We play basketball after school.,籃球,
evocab:sports-referee,referee,Beginning,A2,E-vocab,Fun & Leisure,Playing Sports,,noun,the official who makes sure players follow the rules,The referee blew the whistle.,裁判,
evocab:sports-tie,tie,Beginning,A2,E-vocab,Fun & Leisure,Playing Sports,,noun,a result where both teams have the same score,The game ended in a tie.,平手,
evocab:sports-player,player,Beginning,A2,E-vocab,Fun & Leisure,Playing Sports,,noun,a person who plays a sport,She's the best player on the team.,球員,
evocab:sports-league,league,Middle,B1,E-vocab,Fun & Leisure,Playing Sports,,noun,a group of teams that play against each other,Our team is top of the league.,聯盟,
evocab:sports-championship,championship,Middle,B1,E-vocab,Fun & Leisure,Playing Sports,,noun,a competition to find the best team or player,They won the national championship.,冠軍賽,
evocab:sports-injury,injury,Middle,B1,E-vocab,Fun & Leisure,Playing Sports,,noun,harm done to the body,He missed the game because of an injury.,受傷,
evocab:sports-defense,defense,Middle,B2,E-vocab,Fun & Leisure,Playing Sports,,noun,the players who try to stop the other team from scoring (American English),Our defense was strong today.,防守,
evocab:sports-teammate,teammate,Middle,B2,E-vocab,Fun & Leisure,Playing Sports,,noun,a person on the same team,My teammates cheered for me.,隊友,
evocab:sports-overtime,overtime,Middle,B2,E-vocab,Fun & Leisure,Playing Sports,,noun,extra time played when a game is tied,The game went into overtime.,延長賽,
evocab:sports-rival,rival,Advanced,C1,E-vocab,Fun & Leisure,Playing Sports,,noun,a person or team you compete against,The two schools are old rivals.,勁敵,
evocab:sports-underdog,underdog,Advanced,C1,E-vocab,Fun & Leisure,Playing Sports,,noun,the team that is expected to lose,Everyone cheered for the underdog.,被看衰的一方,
evocab:sports-agility,agility,Advanced,C1,E-vocab,Fun & Leisure,Playing Sports,,noun,the ability to move quickly and easily,Badminton requires great agility.,敏捷,
evocab:sports-athleticism,athleticism,Advanced,C2,E-vocab,Fun & Leisure,Playing Sports,,noun,physical skill and strength in sports,Her athleticism impressed the scouts.,運動能力,
evocab:sports-doping,doping,Advanced,C2,E-vocab,Fun & Leisure,Playing Sports,,noun,using banned drugs to improve performance,The cyclist was banned for doping.,使用禁藥,
evocab:sightseeing-visit,visit,Beginning,A1,E-vocab,Fun & Leisure,Going Sightseeing,,verb,to go and see a place or person,We visited the National Palace Museum.,參觀；拜訪,
evocab:sightseeing-temple,temple,Beginning,A1,E-vocab,Fun & Leisure,Going Sightseeing,,noun,a building for worship,Longshan Temple is very old.,廟；寺廟,
evocab:sightseeing-park,park,Beginning,A1,E-vocab,Fun & Leisure,Going Sightseeing,,noun,a public area with grass and trees,Let's walk in Daan Park.,公園,
evocab:sightseeing-tourist,tourist,Beginning,A2,E-vocab,Fun & Leisure,Going Sightseeing,,noun,a person who travels for pleasure,The old street is full of tourists.,觀光客,
evocab:sightseeing-famous,famous,Beginning,A2,E-vocab,Fun & Leisure,Going Sightseeing,,adjective,known by many people,Taipei 101 is famous around the world.,有名的,
evocab:sightseeing-postcard,postcard,Beginning,A2,E-vocab,Fun & Leisure,Going Sightseeing,,noun,a card with a picture that you send by mail,I sent a postcard to my parents.,明信片,
evocab:sightseeing-historic,historic,Middle,B1,E-vocab,Fun & Leisure,Going Sightseeing,,adjective,important in history,Tainan has many historic buildings.,具歷史意義的,
evocab:sightseeing-guided,guided,Middle,B1,E-vocab,Fun & Leisure,Going Sightseeing,,adjective,led by a guide,We joined a guided tour of the fort.,有導覽的,
evocab:sightseeing-brochure,brochure,Middle,B1,E-vocab,Fun & Leisure,Going Sightseeing,,noun,a small booklet with information,Pick up a brochure at the visitor center.,簡介手冊,
evocab:sightseeing-heritage,heritage,Middle,B2,E-vocab,Fun & Leisure,Going Sightseeing,,noun,buildings and traditions passed down from the past,The area is a heritage site.,遺產；文化資產,
evocab:sightseeing-off-the-beaten-path,off the beaten path,Middle,B2,E-vocab,Fun & Leisure,Going Sightseeing,,phrase,in a place that few tourists visit,We found a café off the beaten path.,人跡罕至的,
evocab:sightseeing-excursion,excursion,Middle,B2,E-vocab,Fun & Leisure,Going Sightseeing,,noun,a short trip for pleasure,We took an excursion to Yehliu.,短程遊覽,
evocab:sightseeing-breathtaking,breathtaking,Advanced,C1,E-vocab,Fun & Leisure,Going Sightseeing,,adjective,extremely beautiful or impressive,The view from Alishan was breathtaking.,令人屏息的,
evocab:sightseeing-vantage-point,vantage point,Advanced,C1,E-vocab,Fun & Leisure,Going Sightseeing,,noun,a place with a good view,This hill is the best vantage point for photos.,觀景點,
evocab:sightseeing-pilgrimage,pilgrimage,Advanced,C1,E-vocab,Fun & Leisure,Going Sightseeing,,noun,a journey to a place that is special to you,"For film fans, the set is a pilgrimage site.",朝聖之旅,
evocab:sightseeing-edifice,edifice,Advanced,C2,E-vocab,Fun & Leisure,Going Sightseeing,,noun,"a large, impressive building",The old bank is a grand stone edifice.,宏偉建築,
evocab:sightseeing-vista,vista,Advanced,C2,E-vocab,Fun & Leisure,Going Sightseeing,,noun,"a beautiful, wide view",The road opens onto a stunning ocean vista.,遠景；景色,
evocab:doctor-arm,arm,Beginning,A1,E-vocab,Health & Body,At the Doctor,,noun,the part of the body between the shoulder and hand,I hurt my arm.,手臂,
evocab:doctor-leg,leg,Beginning,A1,E-vocab,Health & Body,At the Doctor,,noun,the part of the body you stand on,My leg is sore after running.,腿,
evocab:doctor-back,back,Beginning,A1,E-vocab,Health & Body,At the Doctor,,noun,the rear part of your body,My back hurts when I sit too long.,背,
evocab:doctor-hospital,hospital,Beginning,A2,E-vocab,Health & Body,At the Doctor,,noun,a place where sick or hurt people get treatment,She's staying in the hospital for two days.,醫院,
evocab:doctor-ill,ill,Beginning,A2,E-vocab,Health & Body,At the Doctor,,adjective,sick,He's been ill all week.,生病的,
evocab:doctor-temperature,temperature,Beginning,A2,E-vocab,Health & Body,At the Doctor,,noun,how hot your body is,The nurse took my temperature.,體溫,
evocab:doctor-injection,injection,Middle,B1,E-vocab,Health & Body,At the Doctor,,noun,medicine put into the body with a needle,The doctor gave me an injection.,注射；打針,
evocab:doctor-x-ray,x-ray,Middle,B1,E-vocab,Health & Body,At the Doctor,,noun,a picture of the inside of the body,The x-ray showed no broken bones.,X光,
evocab:doctor-dizzy,dizzy,Middle,B1,E-vocab,Health & Body,At the Doctor,,adjective,feeling as if everything is spinning,I feel dizzy when I stand up.,頭暈的,Everyday English (Middle)
evocab:doctor-sprain,sprain,Middle,B2,E-vocab,Health & Body,At the Doctor,,verb,to injure a joint by twisting it,I sprained my ankle playing basketball.,扭傷,
evocab:doctor-nauseous,nauseous,Middle,B2,E-vocab,Health & Body,At the Doctor,,adjective,feeling that you might vomit,The medicine made me feel nauseous.,噁心想吐的,
evocab:doctor-swollen,swollen,Middle,B2,E-vocab,Health & Body,At the Doctor,,adjective,larger than normal because of injury or illness,My knee is swollen.,腫脹的,
evocab:doctor-outpatient,outpatient,Advanced,C1,E-vocab,Health & Body,At the Doctor,,noun,a patient who gets treatment without staying in the hospital,The surgery is done on an outpatient basis.,門診病人,
evocab:doctor-benign,benign,Advanced,C1,E-vocab,Health & Body,At the Doctor,,adjective,(of a growth) not dangerous,The test showed the lump was benign.,良性的,
evocab:doctor-acute,acute,Advanced,C1,E-vocab,Health & Body,At the Doctor,,adjective,(of an illness) sudden and severe,He was treated for acute pain.,急性的,
evocab:doctor-malaise,malaise,Advanced,C2,E-vocab,Health & Body,At the Doctor,,noun,a general feeling of being unwell,She complained of fatigue and general malaise.,身體不適；倦怠,
evocab:doctor-palliative,palliative,Advanced,C2,E-vocab,Health & Body,At the Doctor,,adjective,reducing pain without curing the illness,He receives palliative care at home.,緩和的；安寧療護的,
evocab:pharmacy-drink,drink,Beginning,A1,E-vocab,Health & Body,At the Pharmacy,,verb,to take liquid into your mouth and swallow it,Drink lots of warm water.,喝,
evocab:pharmacy-take,take,Beginning,A1,E-vocab,Health & Body,At the Pharmacy,,verb,to swallow medicine,Take one after each meal.,服用,
evocab:pharmacy-need,need,Beginning,A1,E-vocab,Health & Body,At the Pharmacy,,verb,to have to have something,I need something for my cough.,需要,
evocab:pharmacy-tablet,tablet,Beginning,A2,E-vocab,Health & Body,At the Pharmacy,,noun,"a small, flat piece of medicine",Take two tablets with water.,藥片,
evocab:pharmacy-cream,cream,Beginning,A2,E-vocab,Health & Body,At the Pharmacy,,noun,a thick liquid you put on your skin,Put this cream on the rash.,乳膏,
evocab:pharmacy-sneeze,sneeze,Beginning,A2,E-vocab,Health & Body,At the Pharmacy,,verb,to blow air suddenly out of your nose,I keep sneezing because of my allergy.,打噴嚏,
evocab:pharmacy-vitamin,vitamin,Middle,B1,E-vocab,Health & Body,At the Pharmacy,,noun,a substance in food that keeps you healthy,I take vitamin C every day.,維他命,
evocab:pharmacy-painkiller,painkiller,Middle,B1,E-vocab,Health & Body,At the Pharmacy,,noun,medicine that reduces pain,Do you have a painkiller for a headache?,止痛藥,
evocab:pharmacy-runny-nose,runny nose,Middle,B1,E-vocab,Health & Body,At the Pharmacy,,noun,"a nose with liquid coming out, as with a cold",I have a sore throat and a runny nose.,流鼻水,
evocab:pharmacy-antibiotic,antibiotic,Middle,B2,E-vocab,Health & Body,At the Pharmacy,,noun,medicine that kills bacteria,Finish the whole course of antibiotics.,抗生素,
evocab:pharmacy-dose,dose,Middle,B2,E-vocab,Health & Body,At the Pharmacy,,noun,the amount of medicine taken at one time,Don't take more than one dose every six hours.,一劑；劑量,
evocab:pharmacy-ointment,ointment,Middle,B2,E-vocab,Health & Body,At the Pharmacy,,noun,"a smooth, oily substance put on the skin",Apply the ointment twice a day.,軟膏,
evocab:pharmacy-generic,generic,Advanced,C1,E-vocab,Health & Body,At the Pharmacy,,adjective,(of medicine) sold without a brand name,The generic version is much cheaper.,學名藥的；非品牌的,
evocab:pharmacy-expire,expire,Advanced,C1,E-vocab,Health & Body,At the Pharmacy,,verb,to stop being safe or valid after a date,This medicine expires next month.,過期,
evocab:pharmacy-dispense,dispense,Advanced,C1,E-vocab,Health & Body,At the Pharmacy,,verb,to prepare and give out medicine,Pharmacists dispense prescriptions.,配藥,
evocab:pharmacy-antihistamine,antihistamine,Advanced,C2,E-vocab,Health & Body,At the Pharmacy,,noun,medicine used to treat allergies,An antihistamine can stop the sneezing.,抗組織胺,
evocab:pharmacy-placebo,placebo,Advanced,C2,E-vocab,Health & Body,At the Pharmacy,,noun,"a pill with no medicine in it, used in tests",Half the group received a placebo.,安慰劑,
evocab:dentist-tooth,tooth,Beginning,A1,E-vocab,Health & Body,At the Dentist,,noun,one of the hard white parts in your mouth,My front tooth hurts.,牙齒（單顆）,
evocab:dentist-smile,smile,Beginning,A1,E-vocab,Health & Body,At the Dentist,,verb,to make a happy face,Smile for the photo!,微笑,
evocab:dentist-white,white,Beginning,A1,E-vocab,Health & Body,At the Dentist,,adjective,having the color of snow,She has very white teeth.,白色的,
evocab:dentist-toothbrush,toothbrush,Beginning,A2,E-vocab,Health & Body,At the Dentist,,noun,a small brush for cleaning teeth,Change your toothbrush every three months.,牙刷,
evocab:dentist-gum,gum,Beginning,A2,E-vocab,Health & Body,At the Dentist,,noun,the pink flesh around your teeth,My gums bleed when I brush.,牙齦,
evocab:dentist-bite,bite,Beginning,A2,E-vocab,Health & Body,At the Dentist,,verb,to cut into something with your teeth,It hurts when I bite down.,咬,
evocab:dentist-braces,braces,Middle,B1,E-vocab,Health & Body,At the Dentist,,noun,metal wires used to straighten teeth,My daughter has braces.,牙套,
evocab:dentist-plaque,plaque,Middle,B1,E-vocab,Health & Body,At the Dentist,,noun,a sticky layer that forms on teeth,Brushing removes plaque.,牙菌斑,
evocab:dentist-sensitive,sensitive,Middle,B1,E-vocab,Health & Body,At the Dentist,,adjective,"easily feeling pain, especially from cold or heat",My teeth are sensitive to cold drinks.,敏感的,
evocab:dentist-cleaning,cleaning,Middle,B2,E-vocab,Health & Body,At the Dentist,,noun,a professional cleaning of the teeth,I get a cleaning every six months.,洗牙,
evocab:dentist-crown,crown,Middle,B2,E-vocab,Health & Body,At the Dentist,,noun,an artificial cover for a damaged tooth,The dentist put a crown on my back tooth.,牙冠,
evocab:dentist-decay,decay,Middle,B2,E-vocab,Health & Body,At the Dentist,,noun,the process of a tooth being slowly destroyed,Sugar causes tooth decay.,蛀蝕,
evocab:dentist-anesthetic,anesthetic,Advanced,C1,E-vocab,Health & Body,At the Dentist,,noun,a drug that stops you from feeling pain,You'll get a local anesthetic first.,麻醉劑,
evocab:dentist-molar,molar,Advanced,C1,E-vocab,Health & Body,At the Dentist,,noun,a large back tooth used for chewing,One of my molars is cracked.,臼齒,
evocab:dentist-root-canal,root canal,Advanced,C1,E-vocab,Health & Body,At the Dentist,,noun,treatment to remove infected tissue inside a tooth,I needed a root canal last year.,根管治療,
evocab:dentist-periodontal,periodontal,Advanced,C2,E-vocab,Health & Body,At the Dentist,,adjective,relating to the gums and tissue around teeth,Smoking increases the risk of periodontal disease.,牙周的,
evocab:dentist-enamel,enamel,Advanced,C2,E-vocab,Health & Body,At the Dentist,,noun,the hard outer layer of a tooth,Acidic drinks can damage enamel.,琺瑯質,
evocab:gym-walk,walk,Beginning,A1,E-vocab,Health & Body,At the Gym,,verb,to move on foot at a normal speed,I walk for thirty minutes every day.,走路,
evocab:gym-body,body,Beginning,A1,E-vocab,Health & Body,At the Gym,,noun,the whole physical structure of a person,Exercise is good for your body.,身體,
evocab:gym-healthy,healthy,Beginning,A1,E-vocab,Health & Body,At the Gym,,adjective,in good physical condition,Eat well and stay healthy.,健康的,
evocab:gym-treadmill,treadmill,Beginning,A2,E-vocab,Health & Body,At the Gym,,noun,an exercise machine for walking or running,I run on the treadmill when it rains.,跑步機,
evocab:gym-muscle,muscle,Beginning,A2,E-vocab,Health & Body,At the Gym,,noun,body tissue that lets you move,My leg muscles are sore.,肌肉,
evocab:gym-locker,locker,Beginning,A2,E-vocab,Health & Body,At the Gym,,noun,a small cupboard that locks,Put your bag in a locker.,置物櫃,
evocab:gym-warm-up,warm up,Middle,B1,E-vocab,Health & Body,At the Gym,,phrasal verb,to do gentle exercise before harder exercise,Always warm up before you lift.,暖身,
evocab:gym-personal-trainer,personal trainer,Middle,B1,E-vocab,Health & Body,At the Gym,,noun,a person paid to help you exercise,My personal trainer plans my workouts.,私人教練,
evocab:gym-sweat,sweat,Middle,B1,E-vocab,Health & Body,At the Gym,,verb,to lose water through your skin when hot,I sweat a lot in spin class.,流汗,
evocab:gym-cardio,cardio,Middle,B2,E-vocab,Health & Body,At the Gym,,noun,exercise that makes your heart beat faster,I do thirty minutes of cardio.,有氧運動,
evocab:gym-core,core,Middle,B2,E-vocab,Health & Body,At the Gym,,noun,the muscles around your stomach and back,Planks build your core.,核心肌群,
evocab:gym-posture,posture,Middle,B2,E-vocab,Health & Body,At the Gym,,noun,the way you hold your body,Keep good posture when you squat.,姿勢,
evocab:gym-strenuous,strenuous,Advanced,C1,E-vocab,Health & Body,At the Gym,,adjective,needing a lot of effort,Avoid strenuous exercise after surgery.,費力的；劇烈的,
evocab:gym-plateau,plateau,Advanced,C1,E-vocab,Health & Body,At the Gym,,noun,a time when progress stops,I hit a plateau after three months.,停滯期,
evocab:gym-calisthenics,calisthenics,Advanced,C1,E-vocab,Health & Body,At the Gym,,noun,exercises using only your body weight,Push-ups and pull-ups are calisthenics.,徒手健身,
evocab:gym-hypertrophy,hypertrophy,Advanced,C2,E-vocab,Health & Body,At the Gym,,noun,growth in muscle size,Heavy training leads to muscle hypertrophy.,肌肥大,
evocab:gym-metabolism,metabolism,Advanced,C2,E-vocab,Health & Body,At the Gym,,noun,the chemical processes that turn food into energy,Exercise can speed up your metabolism.,新陳代謝,
evocab:office-office,office,Beginning,A1,E-vocab,Work & Career,At the Office,,noun,a room or building where people work,Her office is on the tenth floor.,辦公室,
evocab:office-pen,pen,Beginning,A1,E-vocab,Work & Career,At the Office,,noun,a tool for writing with ink,Can I borrow a pen?,筆,
evocab:office-manager,manager,Beginning,A1,E-vocab,Work & Career,At the Office,,noun,a person in charge of a team,My manager is very supportive.,經理,
evocab:office-colleague,colleague,Beginning,A2,E-vocab,Work & Career,At the Office,,noun,a person you work with,I had lunch with a colleague.,同事,
evocab:office-department,department,Beginning,A2,E-vocab,Work & Career,At the Office,,noun,a section of a company,She works in the marketing department.,部門,
evocab:office-salary,salary,Beginning,A2,E-vocab,Work & Career,At the Office,,noun,money you are paid for your job,The salary is paid monthly.,薪水,
evocab:office-promotion,promotion,Middle,B1,E-vocab,Work & Career,At the Office,,noun,a move to a higher job,She got a promotion last month.,升遷,
evocab:office-budget,budget,Middle,B1,E-vocab,Work & Career,At the Office,,noun,a plan for how money will be spent,We need to stay within budget.,預算,Everyday English (Middle)
evocab:office-intern,intern,Middle,B1,E-vocab,Work & Career,At the Office,,noun,a student who works to gain experience,The intern is helping with research.,實習生,
evocab:office-performance-review,performance review,Middle,B2,E-vocab,Work & Career,At the Office,,noun,a meeting to discuss how well someone works,My performance review is next week.,績效考核,
evocab:office-remote,remote,Middle,B2,E-vocab,Work & Career,At the Office,,adjective,working from home or away from the office,I work remote two days a week.,遠端的,
evocab:office-workflow,workflow,Middle,B2,E-vocab,Work & Career,At the Office,,noun,the order in which work is done,The new software improved our workflow.,工作流程,
evocab:office-bureaucracy,bureaucracy,Advanced,C1,E-vocab,Work & Career,At the Office,,noun,complicated official rules and processes,Too much bureaucracy slows everything down.,官僚體系；繁文縟節,
evocab:office-hierarchy,hierarchy,Advanced,C1,E-vocab,Work & Career,At the Office,,noun,a system of people ranked by power,The company has a flat hierarchy.,階層,
evocab:office-burnout,burnout,Advanced,C1,E-vocab,Work & Career,At the Office,,noun,extreme tiredness from working too hard,Long hours led to burnout.,過勞；倦怠,
evocab:office-synergy,synergy,Advanced,C2,E-vocab,Work & Career,At the Office,,noun,greater results from working together,The merger created real synergy.,綜效,
evocab:office-sinecure,sinecure,Advanced,C2,E-vocab,Work & Career,At the Office,,noun,a job that pays well but needs little work,The board seat was little more than a sinecure.,閒差,
evocab:meeting-time,time,Beginning,A1,E-vocab,Work & Career,In a Meeting,,noun,the hour of the day,What time is the meeting?,時間,
evocab:meeting-ask,ask,Beginning,A1,E-vocab,Work & Career,In a Meeting,,verb,to say something to get an answer,Can I ask a question?,問,
evocab:meeting-start,start,Beginning,A1,E-vocab,Work & Career,In a Meeting,,verb,to begin,Let's start the meeting.,開始,
evocab:meeting-point,point,Beginning,A2,E-vocab,Work & Career,In a Meeting,,noun,an idea or opinion,That's a good point.,重點；論點,
evocab:meeting-decide,decide,Beginning,A2,E-vocab,Work & Career,In a Meeting,,verb,to choose after thinking,We need to decide today.,決定,
evocab:meeting-online,online,Beginning,A2,E-vocab,Work & Career,In a Meeting,,adjective,happening on the internet,The meeting is online this week.,線上的,
evocab:meeting-attend,attend,Middle,B1,E-vocab,Work & Career,In a Meeting,,verb,to go to an event,Ten people attended the meeting.,出席,
evocab:meeting-postpone,postpone,Middle,B1,E-vocab,Work & Career,In a Meeting,,verb,to move an event to a later time,We postponed the meeting until Friday.,延期,
evocab:meeting-propose,propose,Middle,B1,E-vocab,Work & Career,In a Meeting,,verb,to suggest a plan,I propose a new schedule.,提議,
evocab:meeting-action-item,action item,Middle,B2,E-vocab,Work & Career,In a Meeting,,noun,a task someone must do after a meeting,Let's review the action items.,待辦事項,
evocab:meeting-wrap-up,wrap up,Middle,B2,E-vocab,Work & Career,In a Meeting,,phrasal verb,to finish something,Let's wrap up in five minutes.,收尾；結束,
evocab:meeting-brief,brief,Middle,B2,E-vocab,Work & Career,In a Meeting,,verb,to give someone the important information,I'll brief the team after lunch.,向…簡報,
evocab:meeting-quorum,quorum,Advanced,C1,E-vocab,Work & Career,In a Meeting,,noun,the minimum number of people needed to make decisions,We don't have a quorum yet.,法定人數,
evocab:meeting-unanimous,unanimous,Advanced,C1,E-vocab,Work & Career,In a Meeting,,adjective,agreed by everyone,The vote was unanimous.,一致同意的,
evocab:meeting-adjourn,adjourn,Advanced,C1,E-vocab,Work & Career,In a Meeting,,verb,to end a meeting for a time,The meeting was adjourned at five.,休會,
evocab:meeting-filibuster,filibuster,Advanced,C2,E-vocab,Work & Career,In a Meeting,,verb,to talk for a long time to delay a decision,He tried to filibuster the vote.,以冗長發言阻撓,
evocab:meeting-stonewall,stonewall,Advanced,C2,E-vocab,Work & Career,In a Meeting,,verb,to delay or block by refusing to answer or cooperate,The manager stonewalled every question about the budget.,搪塞；阻撓,
evocab:emails-dear,dear,Beginning,A1,E-vocab,Work & Career,Writing Emails,,adjective,used to start a letter or email,"Dear Ms. Lin,",親愛的（書信開頭）,
evocab:emails-thanks,thanks,Beginning,A1,E-vocab,Work & Career,Writing Emails,,noun,a short way to say thank you,Thanks for your quick reply.,謝謝,
evocab:emails-today,today,Beginning,A1,E-vocab,Work & Career,Writing Emails,,adverb,on this day,I'll send it today.,今天,
evocab:emails-spam,spam,Beginning,A2,E-vocab,Work & Career,Writing Emails,,noun,"unwanted emails, often advertising",Your email went to my spam folder.,垃圾郵件,
evocab:emails-cc,cc,Beginning,A2,E-vocab,Work & Career,Writing Emails,,verb,to send a copy of an email to another person,Please cc my manager.,副本給,
evocab:emails-draft,draft,Beginning,A2,E-vocab,Work & Career,Writing Emails,,noun,a first version that is not finished,I saved the email as a draft.,草稿,
evocab:emails-recipient,recipient,Middle,B1,E-vocab,Work & Career,Writing Emails,,noun,the person who receives something,Check the recipient before you hit send.,收件人,
evocab:emails-signature,signature,Middle,B1,E-vocab,Work & Career,Writing Emails,,noun,the name and details at the end of an email,Add your phone number to your signature.,簽名檔,
evocab:emails-urgent,urgent,Middle,B1,E-vocab,Work & Career,Writing Emails,,adjective,needing attention right away,Please mark it urgent.,緊急的,
evocab:emails-out-of-office,out-of-office,Middle,B2,E-vocab,Work & Career,Writing Emails,,adjective,saying you are away from work,I set an out-of-office reply.,不在辦公室的,
evocab:emails-acknowledge,acknowledge,Middle,B2,E-vocab,Work & Career,Writing Emails,,verb,to say you have received something,Please acknowledge receipt of this email.,確認收到,
evocab:emails-enclose,enclose,Middle,B2,E-vocab,Work & Career,Writing Emails,,verb,to include something with a letter or email,I've enclosed my résumé.,附上,
evocab:emails-courteous,courteous,Advanced,C1,E-vocab,Work & Career,Writing Emails,,adjective,polite and respectful,"Keep your tone courteous, even when you disagree.",有禮貌的,
evocab:emails-succinct,succinct,Advanced,C1,E-vocab,Work & Career,Writing Emails,,adjective,clearly said in few words,Her emails are always succinct.,簡明扼要的,
evocab:emails-reiterate,reiterate,Advanced,C1,E-vocab,Work & Career,Writing Emails,,verb,to say something again for emphasis,I'd like to reiterate our deadline.,重申,
evocab:emails-salutation,salutation,Advanced,C2,E-vocab,Work & Career,Writing Emails,,noun,the greeting at the start of a letter,Choose a formal salutation for a new client.,稱呼語,
evocab:emails-valediction,valediction,Advanced,C2,E-vocab,Work & Career,Writing Emails,,noun,"the closing words of a letter, like ""Best regards""","""Sincerely"" is a common valediction.",結尾敬語,
evocab:interview-company,company,Beginning,A1,E-vocab,Work & Career,Job Interview,,noun,a business,I want to work for a big company.,公司,
evocab:interview-worker,worker,Beginning,A1,E-vocab,Work & Career,Job Interview,,noun,a person who works,She's a hard worker.,員工；工作者,
evocab:interview-good-at,good at,Beginning,A1,E-vocab,Work & Career,Job Interview,,phrase,able to do something well,I'm good at languages.,擅長,
evocab:interview-hire,hire,Beginning,A2,E-vocab,Work & Career,Job Interview,,verb,to give someone a job,They hired two new designers.,雇用,
evocab:interview-skill,skill,Beginning,A2,E-vocab,Work & Career,Job Interview,,noun,an ability you have learned,Communication is an important skill.,技能,
evocab:interview-weakness,weakness,Beginning,A2,E-vocab,Work & Career,Job Interview,,noun,something you are not good at,What is your greatest weakness?,弱點,
evocab:interview-applicant,applicant,Middle,B1,E-vocab,Work & Career,Job Interview,,noun,a person who applies for a job,There were fifty applicants for the job.,應徵者,
evocab:interview-position,position,Middle,B1,E-vocab,Work & Career,Job Interview,,noun,a job in a company,I'm applying for the sales position.,職位,Everyday English (Beginning)
evocab:interview-cover-letter,cover letter,Middle,B1,E-vocab,Work & Career,Job Interview,,noun,a letter sent with a résumé to explain your interest,Write a short cover letter.,求職信,
evocab:interview-shortlist,shortlist,Middle,B2,E-vocab,Work & Career,Job Interview,,verb,to choose a small group from many candidates,Five people were shortlisted.,列入候選名單,
evocab:interview-probation,probation,Middle,B2,E-vocab,Work & Career,Job Interview,,noun,a trial period at the start of a job,There's a three-month probation.,試用期,
evocab:interview-negotiable,negotiable,Middle,B2,E-vocab,Work & Career,Job Interview,,adjective,able to be changed through discussion,The salary is negotiable.,可協商的,
evocab:interview-tenacious,tenacious,Advanced,C1,E-vocab,Work & Career,Job Interview,,adjective,not giving up easily,She's tenacious and hard-working.,堅韌不拔的,
evocab:interview-proactive,proactive,Advanced,C1,E-vocab,Work & Career,Job Interview,,adjective,taking action before problems happen,We want proactive team members.,積極主動的,
evocab:interview-transferable,transferable,Advanced,C1,E-vocab,Work & Career,Job Interview,,adjective,useful in different jobs,Teaching gave me many transferable skills.,可轉移的,
evocab:interview-erstwhile,erstwhile,Advanced,C2,E-vocab,Work & Career,Job Interview,,adjective,former,My erstwhile employer gave me a good reference.,以前的,
evocab:interview-perspicacious,perspicacious,Advanced,C2,E-vocab,Work & Career,Job Interview,,adjective,quick to notice and understand things,The interviewer asked perspicacious questions.,敏銳的；有洞察力的,
evocab:friends-meet,meet,Beginning,A1,E-vocab,People & Relationships,Making Friends,,verb,to see and talk to someone,Let's meet at the café.,見面,
evocab:friends-fun,fun,Beginning,A1,E-vocab,People & Relationships,Making Friends,,adjective,enjoyable,The party was so much fun.,好玩的,
evocab:friends-party,party,Beginning,A1,E-vocab,People & Relationships,Making Friends,,noun,"a social event with food, music, and friends",I'm having a birthday party.,派對,
evocab:friends-hang-out,hang out,Beginning,A2,E-vocab,People & Relationships,Making Friends,,phrasal verb,to spend time with friends informally,We hang out at the mall on weekends.,一起出去玩,
evocab:friends-classmate,classmate,Beginning,A2,E-vocab,People & Relationships,Making Friends,,noun,a person in the same class,He was my classmate in high school.,同學,
evocab:friends-kind,kind,Beginning,A2,E-vocab,People & Relationships,Making Friends,,adjective,friendly and caring,She's kind to everyone.,親切的,
evocab:friends-trust,trust,Middle,B1,E-vocab,People & Relationships,Making Friends,,verb,to believe that someone is honest,I trust her completely.,信任,
evocab:friends-get-along,get along,Middle,B1,E-vocab,People & Relationships,Making Friends,,phrasal verb,to have a friendly relationship,We get along really well.,相處融洽,
evocab:friends-introduce,introduce,Middle,B1,E-vocab,People & Relationships,Making Friends,,verb,to tell people each other's names when they first meet,Let me introduce you to my friend Amy.,介紹,
evocab:friends-acquaintance,acquaintance,Middle,B2,E-vocab,People & Relationships,Making Friends,,noun,a person you know but not well,He's just an acquaintance from work.,認識的人,
evocab:friends-loyal,loyal,Middle,B2,E-vocab,People & Relationships,Making Friends,,adjective,always supporting your friends,A loyal friend stays with you in hard times.,忠誠的,
evocab:friends-drift-apart,drift apart,Middle,B2,E-vocab,People & Relationships,Making Friends,,phrasal verb,to slowly become less close,We drifted apart after college.,漸行漸遠,
evocab:friends-confidant,confidant,Advanced,C1,E-vocab,People & Relationships,Making Friends,,noun,a friend you tell your secrets to,She's my closest confidant.,知己,
evocab:friends-reciprocate,reciprocate,Advanced,C1,E-vocab,People & Relationships,Making Friends,,verb,to do the same thing in return,She always reciprocates kindness.,回報,
evocab:friends-kindred-spirit,kindred spirit,Advanced,C1,E-vocab,People & Relationships,Making Friends,,noun,a person who thinks and feels like you,We knew we were kindred spirits.,志同道合的人,
evocab:friends-bonhomie,bonhomie,Advanced,C2,E-vocab,People & Relationships,Making Friends,,noun,cheerful friendliness,The dinner was full of bonhomie.,友好親切,
evocab:friends-platonic,platonic,Advanced,C2,E-vocab,People & Relationships,Making Friends,,adjective,"(of a relationship) friendly, not romantic",Their friendship is purely platonic.,純友誼的,
evocab:family-mother,mother,Beginning,A1,E-vocab,People & Relationships,Talking About Family,,noun,a female parent,My mother is a nurse.,母親,
evocab:family-father,father,Beginning,A1,E-vocab,People & Relationships,Talking About Family,,noun,a male parent,My father loves fishing.,父親,
evocab:family-baby,baby,Beginning,A1,E-vocab,People & Relationships,Talking About Family,,noun,a very young child,My sister just had a baby.,嬰兒,
evocab:family-aunt,aunt,Beginning,A2,E-vocab,People & Relationships,Talking About Family,,noun,"the sister of your parent, or your uncle's wife",My aunt lives in Taichung.,阿姨；姑姑；舅媽,
evocab:family-uncle,uncle,Beginning,A2,E-vocab,People & Relationships,Talking About Family,,noun,"the brother of your parent, or your aunt's husband",My uncle owns a restaurant.,叔叔；舅舅；姑丈,
evocab:family-nephew,nephew,Beginning,A2,E-vocab,People & Relationships,Talking About Family,,noun,the son of your brother or sister,My nephew is five years old.,姪子；外甥,
evocab:family-niece,niece,Middle,B1,E-vocab,People & Relationships,Talking About Family,,noun,the daughter of your brother or sister,My niece loves drawing.,姪女；外甥女,
evocab:family-only-child,only child,Middle,B1,E-vocab,People & Relationships,Talking About Family,,noun,a child with no brothers or sisters,I'm an only child.,獨生子女,
evocab:family-twin,twin,Middle,B1,E-vocab,People & Relationships,Talking About Family,,noun,one of two children born at the same time,She has a twin brother.,雙胞胎之一,
evocab:family-stepmother,stepmother,Middle,B2,E-vocab,People & Relationships,Talking About Family,,noun,the wife of your father who is not your mother,My stepmother is very kind.,繼母,
evocab:family-generation,generation,Middle,B2,E-vocab,People & Relationships,Talking About Family,,noun,all the people born around the same time,Three generations live in this house.,世代,
evocab:family-resemble,resemble,Middle,B2,E-vocab,People & Relationships,Talking About Family,,verb,to look like someone,You really resemble your father.,長得像,
evocab:family-ancestor,ancestor,Advanced,C1,E-vocab,People & Relationships,Talking About Family,,noun,a family member who lived long ago,We honor our ancestors during Tomb Sweeping Day.,祖先,
evocab:family-sibling-rivalry,sibling rivalry,Advanced,C1,E-vocab,People & Relationships,Talking About Family,,noun,competition between brothers and sisters,There was a lot of sibling rivalry growing up.,手足競爭,
evocab:family-extended-family,extended family,Advanced,C1,E-vocab,People & Relationships,Talking About Family,,noun,relatives beyond parents and children,My extended family meets at New Year.,大家庭,
evocab:family-filial,filial,Advanced,C2,E-vocab,People & Relationships,Talking About Family,,adjective,relating to a son's or daughter's duty to parents,Filial piety is an important value.,子女的；孝順的,
evocab:family-progeny,progeny,Advanced,C2,E-vocab,People & Relationships,Talking About Family,,noun,children or descendants,The family business passed to his progeny.,後代,
evocab:small-talk-great,great,Beginning,A1,E-vocab,People & Relationships,Making Small Talk,,adjective,very good,That sounds great!,很棒的,
evocab:small-talk-holiday,holiday,Beginning,A1,E-vocab,People & Relationships,Making Small Talk,,noun,a day when people do not work,How was your holiday?,假日；節日,
evocab:small-talk-favorite,favorite,Beginning,A1,E-vocab,People & Relationships,Making Small Talk,,adjective,liked more than others,What's your favorite food?,最喜歡的,
evocab:small-talk-anyway,anyway,Beginning,A2,E-vocab,People & Relationships,Making Small Talk,,adverb,used to change the topic or return to the main one,"Anyway, how's your new job?",總之；不管怎樣,
evocab:small-talk-actually,actually,Beginning,A2,E-vocab,People & Relationships,Making Small Talk,,adverb,in fact,"Actually, I'm from Kaohsiung.",其實,
evocab:small-talk-by-the-way,by the way,Beginning,A2,E-vocab,People & Relationships,Making Small Talk,,phrase,used to add a new topic,"By the way, I love your bag.",順便一提,
evocab:small-talk-awkward,awkward,Middle,B1,E-vocab,People & Relationships,Making Small Talk,,adjective,uncomfortable or embarrassing,There was an awkward silence.,尷尬的,
evocab:small-talk-topic,topic,Middle,B1,E-vocab,People & Relationships,Making Small Talk,,noun,a subject people talk about,Food is an easy topic to start with.,話題,
evocab:small-talk-compliment,compliment,Middle,B1,E-vocab,People & Relationships,Making Small Talk,,noun,something nice you say about someone,She gave me a compliment on my shoes.,稱讚,
evocab:small-talk-chit-chat,chit-chat,Middle,B2,E-vocab,People & Relationships,Making Small Talk,,noun,"light, informal conversation",We had some chit-chat before the meeting.,閒聊,
evocab:small-talk-small-world,small world,Middle,B2,E-vocab,People & Relationships,Making Small Talk,,phrase,said when you meet someone connected to you by chance,You know Amy too? It's a small world!,世界真小,
evocab:small-talk-segue,segue,Middle,B2,E-vocab,People & Relationships,Making Small Talk,,noun,a smooth change from one topic to another,That's a perfect segue to my next question.,自然轉換話題,
evocab:small-talk-pleasantries,pleasantries,Advanced,C1,E-vocab,People & Relationships,Making Small Talk,,noun,"polite, friendly remarks",We exchanged pleasantries at the door.,客套話；寒暄,
evocab:small-talk-amiable,amiable,Advanced,C1,E-vocab,People & Relationships,Making Small Talk,,adjective,friendly and pleasant,He's an amiable neighbor.,友善的,
evocab:small-talk-repartee,repartee,Advanced,C1,E-vocab,People & Relationships,Making Small Talk,,noun,"quick, clever conversation",Their witty repartee kept everyone laughing.,機智應對,
evocab:small-talk-badinage,badinage,Advanced,C2,E-vocab,People & Relationships,Making Small Talk,,noun,"playful, joking talk",The two hosts traded light badinage.,戲謔；說笑,
evocab:small-talk-phatic,phatic,Advanced,C2,E-vocab,People & Relationships,Making Small Talk,,adjective,(of language) used to be social rather than to give information,"""Nice weather, isn't it?"" is a phatic expression.",寒暄性的,
evocab:feelings-love,love,Beginning,A1,E-vocab,People & Relationships,Talking About Feelings,,verb,to like someone or something very much,I love my family.,愛,
evocab:feelings-scared,scared,Beginning,A1,E-vocab,People & Relationships,Talking About Feelings,,adjective,afraid,I'm scared of the dark.,害怕的,
evocab:feelings-bored,bored,Beginning,A1,E-vocab,People & Relationships,Talking About Feelings,,adjective,not interested; with nothing to do,I'm bored—let's go out.,無聊的,
evocab:feelings-lonely,lonely,Beginning,A2,E-vocab,People & Relationships,Talking About Feelings,,adjective,sad because you are alone,I felt lonely when I first moved.,寂寞的,
evocab:feelings-proud,proud,Beginning,A2,E-vocab,People & Relationships,Talking About Feelings,,adjective,pleased about something you or others did,I'm proud of you!,驕傲的；自豪的,
evocab:feelings-surprised,surprised,Beginning,A2,E-vocab,People & Relationships,Talking About Feelings,,adjective,feeling something unexpected happened,I was surprised to see her there.,驚訝的,
evocab:feelings-embarrassed,embarrassed,Middle,B1,E-vocab,People & Relationships,Talking About Feelings,,adjective,feeling silly in front of others,I was embarrassed when I forgot his name.,尷尬的,
evocab:feelings-jealous,jealous,Middle,B1,E-vocab,People & Relationships,Talking About Feelings,,adjective,unhappy because someone has what you want,He was jealous of his brother's new phone.,嫉妒的,
evocab:feelings-confident,confident,Middle,B1,E-vocab,People & Relationships,Talking About Feelings,,adjective,sure of your own abilities,I feel confident about the interview.,有自信的,
evocab:feelings-overwhelmed,overwhelmed,Middle,B2,E-vocab,People & Relationships,Talking About Feelings,,adjective,feeling there is too much to deal with,I felt overwhelmed by all the work.,不知所措的,Everyday English (Middle)
evocab:feelings-grateful,grateful,Middle,B2,E-vocab,People & Relationships,Talking About Feelings,,adjective,wanting to thank someone,I'm grateful for your help.,感激的,
evocab:feelings-resentful,resentful,Middle,B2,E-vocab,People & Relationships,Talking About Feelings,,adjective,angry because you feel treated unfairly,She felt resentful about the decision.,憤恨不平的,
evocab:feelings-elated,elated,Advanced,C1,E-vocab,People & Relationships,Talking About Feelings,,adjective,extremely happy and excited,We were elated when we heard the news.,興高采烈的,
evocab:feelings-apprehensive,apprehensive,Advanced,C1,E-vocab,People & Relationships,Talking About Feelings,,adjective,worried that something bad may happen,I'm a little apprehensive about the surgery.,憂慮的,
evocab:feelings-exasperated,exasperated,Advanced,C1,E-vocab,People & Relationships,Talking About Feelings,,adjective,very annoyed,The teacher sounded exasperated.,惱怒的,
evocab:feelings-melancholy,melancholy,Advanced,C2,E-vocab,People & Relationships,Talking About Feelings,,noun,"a deep, quiet sadness",The song is full of melancholy.,憂鬱,
evocab:feelings-euphoric,euphoric,Advanced,C2,E-vocab,People & Relationships,Talking About Feelings,,adjective,feeling intense happiness,The fans were euphoric after the win.,欣喜若狂的,
evocab:shopping-buy,buy,Beginning,A1,E-vocab,Shopping & Money,Shopping,,verb,to get something by paying for it,I want to buy new shoes.,買,
evocab:shopping-expensive,expensive,Beginning,A1,E-vocab,Shopping & Money,Shopping,,adjective,costing a lot of money,This bag is too expensive.,貴的,
evocab:shopping-shop,shop,Beginning,A1,E-vocab,Shopping & Money,Shopping,,noun,a small store,There's a nice shop on this street.,商店,
evocab:shopping-mall,mall,Beginning,A2,E-vocab,Shopping & Money,Shopping,,noun,a large building with many stores,Let's meet at the mall.,購物中心,
evocab:shopping-cashier,cashier,Beginning,A2,E-vocab,Shopping & Money,Shopping,,noun,a person who takes payment in a store,The cashier gave me my change.,收銀員,
evocab:shopping-gift,gift,Beginning,A2,E-vocab,Shopping & Money,Shopping,,noun,something you give to someone,I'm looking for a gift for my mom.,禮物,
evocab:shopping-afford,afford,Middle,B1,E-vocab,Shopping & Money,Shopping,,verb,to have enough money for something,I can't afford a new laptop.,負擔得起,
evocab:shopping-window-shopping,window-shopping,Middle,B1,E-vocab,Shopping & Money,Shopping,,noun,looking in stores without buying,We went window-shopping downtown.,逛街（只看不買）,
evocab:shopping-gift-wrap,gift-wrap,Middle,B1,E-vocab,Shopping & Money,Shopping,,verb,to wrap something nicely as a present,"Could you gift-wrap this, please?",禮品包裝,
evocab:shopping-splurge,splurge,Middle,B2,E-vocab,Shopping & Money,Shopping,,verb,to spend a lot of money on something special,I splurged on a designer bag.,揮霍；大手筆花錢,
evocab:shopping-markdown,markdown,Middle,B2,E-vocab,Shopping & Money,Shopping,,noun,a reduction in price,Look for the red markdown stickers.,降價,
evocab:shopping-installment,installment,Middle,B2,E-vocab,Shopping & Money,Shopping,,noun,one of several payments made over time,I'm paying for it in six installments.,分期付款,
evocab:shopping-frugal,frugal,Advanced,C1,E-vocab,Shopping & Money,Shopping,,adjective,careful not to waste money,My grandparents are very frugal.,節儉的,
evocab:shopping-extravagant,extravagant,Advanced,C1,E-vocab,Shopping & Money,Shopping,,adjective,spending too much money,Buying three phones is extravagant.,奢侈的,
evocab:shopping-consumerism,consumerism,Advanced,C1,E-vocab,Shopping & Money,Shopping,,noun,the idea that buying things is very important,The film criticizes modern consumerism.,消費主義,
evocab:shopping-conspicuous-consumption,conspicuous consumption,Advanced,C2,E-vocab,Shopping & Money,Shopping,,noun,buying expensive things to show off wealth,Luxury cars are a form of conspicuous consumption.,炫耀性消費,
evocab:shopping-parsimonious,parsimonious,Advanced,C2,E-vocab,Shopping & Money,Shopping,,adjective,extremely unwilling to spend money,The parsimonious boss refused to buy coffee.,吝嗇的,
evocab:online-shopping-click,click,Beginning,A1,E-vocab,Shopping & Money,Online Shopping,,verb,to press a button on a mouse or screen,Click here to buy.,點擊,
evocab:online-shopping-free,free,Beginning,A1,E-vocab,Shopping & Money,Online Shopping,,adjective,costing nothing,Shipping is free over NT$499.,免費的,
evocab:online-shopping-find,find,Beginning,A1,E-vocab,Shopping & Money,Online Shopping,,verb,to discover something you are looking for,I found a cheaper one online.,找到,
evocab:online-shopping-delivery,delivery,Beginning,A2,E-vocab,Shopping & Money,Online Shopping,,noun,bringing goods to someone's home,Delivery takes three days.,送貨,
evocab:online-shopping-package,package,Beginning,A2,E-vocab,Shopping & Money,Online Shopping,,noun,a box or parcel sent by mail,My package arrived today.,包裹,
evocab:online-shopping-add,add,Beginning,A2,E-vocab,Shopping & Money,Online Shopping,,verb,to put something with other things,Add it to your cart.,加入,
evocab:online-shopping-rating,rating,Middle,B1,E-vocab,Shopping & Money,Online Shopping,,noun,a score showing how good something is,This product has a 4.8-star rating.,評分,
evocab:online-shopping-wishlist,wishlist,Middle,B1,E-vocab,Shopping & Money,Online Shopping,,noun,a list of things you want to buy later,I saved the shoes to my wishlist.,願望清單,
evocab:online-shopping-promo-code,promo code,Middle,B1,E-vocab,Shopping & Money,Online Shopping,,noun,a code that gives a discount,Enter the promo code at checkout.,優惠碼,
evocab:online-shopping-estimated,estimated,Middle,B2,E-vocab,Shopping & Money,Online Shopping,,adjective,guessed from available information,The estimated delivery date is Friday.,預估的,
evocab:online-shopping-subscription,subscription,Middle,B2,E-vocab,Shopping & Money,Online Shopping,,noun,regular payment for a product or service,I canceled my subscription.,訂閱,
evocab:online-shopping-secure,secure,Middle,B2,E-vocab,Shopping & Money,Online Shopping,,adjective,safe from attack or theft,Only pay on a secure website.,安全的,
evocab:online-shopping-algorithm,algorithm,Advanced,C1,E-vocab,Shopping & Money,Online Shopping,,noun,a set of rules a computer follows,The algorithm recommends similar products.,演算法,
evocab:online-shopping-cart-abandonment,cart abandonment,Advanced,C1,E-vocab,Shopping & Money,Online Shopping,,noun,leaving items in an online cart without buying,Free shipping reduces cart abandonment.,棄單；購物車放棄,
evocab:online-shopping-phishing,phishing,Advanced,C1,E-vocab,Shopping & Money,Online Shopping,,noun,fake messages that try to steal personal information,That email is a phishing scam.,網路釣魚,
evocab:online-shopping-dropshipping,dropshipping,Advanced,C2,E-vocab,Shopping & Money,Online Shopping,,noun,selling products that a supplier ships directly to buyers,Many small online stores use dropshipping.,代發貨,
evocab:online-shopping-omnichannel,omnichannel,Advanced,C2,E-vocab,Shopping & Money,Online Shopping,,adjective,"using many connected sales channels, online and in stores",The brand offers an omnichannel shopping experience.,全通路的,
evocab:bank-bank,bank,Beginning,A1,E-vocab,Shopping & Money,At the Bank,,noun,a business that keeps and lends money,The bank opens at nine.,銀行,
evocab:bank-coin,coin,Beginning,A1,E-vocab,Shopping & Money,At the Bank,,noun,a small round piece of metal money,I need coins for the machine.,硬幣,
evocab:bank-dollar,dollar,Beginning,A1,E-vocab,Shopping & Money,At the Bank,,noun,a unit of money,It costs fifty dollars.,元,
evocab:bank-pin,PIN,Beginning,A2,E-vocab,Shopping & Money,At the Bank,,noun,a secret number for a bank card,Never share your PIN.,密碼（提款卡）,
evocab:bank-credit-card,credit card,Beginning,A2,E-vocab,Shopping & Money,At the Bank,,noun,a card that lets you buy now and pay later,Can I pay by credit card?,信用卡,
evocab:bank-bill,bill,Beginning,A2,E-vocab,Shopping & Money,At the Bank,,noun,a piece of paper money (American English),Do you have change for a thousand-dollar bill?,紙鈔,
evocab:bank-savings,savings,Middle,B1,E-vocab,Shopping & Money,At the Bank,,noun,money you have saved,I keep my savings in the bank.,存款；積蓄,
evocab:bank-statement,statement,Middle,B1,E-vocab,Shopping & Money,At the Bank,,noun,a document listing account activity,Check your monthly statement.,對帳單,
evocab:bank-exchange-rate,exchange rate,Middle,B1,E-vocab,Shopping & Money,At the Bank,,noun,the value of one currency in another,What's today's exchange rate for US dollars?,匯率,
evocab:bank-mortgage,mortgage,Middle,B2,E-vocab,Shopping & Money,At the Bank,,noun,a loan to buy a home,They pay their mortgage every month.,房貸,
evocab:bank-debit-card,debit card,Middle,B2,E-vocab,Shopping & Money,At the Bank,,noun,a card that takes money directly from your account,I use my debit card for groceries.,金融卡；簽帳卡,
evocab:bank-teller,teller,Middle,B2,E-vocab,Shopping & Money,At the Bank,,noun,a bank employee who serves customers at the counter,The teller counted the cash.,櫃員,
evocab:bank-fraud,fraud,Advanced,C1,E-vocab,Shopping & Money,At the Bank,,noun,the crime of tricking people to get money,Call the bank if you suspect fraud.,詐騙,
evocab:bank-liquidity,liquidity,Advanced,C1,E-vocab,Shopping & Money,At the Bank,,noun,how easily assets can be turned into cash,Banks need enough liquidity.,流動性,
evocab:bank-remittance,remittance,Advanced,C1,E-vocab,Shopping & Money,At the Bank,,noun,"money sent to someone, often abroad",He sends a monthly remittance to his parents.,匯款,
evocab:bank-amortization,amortization,Advanced,C2,E-vocab,Shopping & Money,At the Bank,,noun,paying off a loan in regular amounts over time,The amortization schedule shows each payment.,攤還,
evocab:bank-solvency,solvency,Advanced,C2,E-vocab,Shopping & Money,At the Bank,,noun,the ability to pay all debts,Investors questioned the bank's solvency.,償付能力,
evocab:returns-give-back,give back,Beginning,A1,E-vocab,Shopping & Money,Returning an Item,,phrasal verb,to return something to its owner,Can I give this back?,歸還,
evocab:returns-bad,bad,Beginning,A1,E-vocab,Shopping & Money,Returning an Item,,adjective,not good,The quality is bad.,不好的,
evocab:returns-big,big,Beginning,A1,E-vocab,Shopping & Money,Returning an Item,,adjective,large in size,This shirt is too big.,大的,
evocab:returns-change-my-mind,change my mind,Beginning,A2,E-vocab,Shopping & Money,Returning an Item,,phrase,to decide something different,I changed my mind about the color.,改變主意,
evocab:returns-color,color,Beginning,A2,E-vocab,Shopping & Money,Returning an Item,,noun,"red, blue, green, and so on (American English spelling)",Do you have it in another color?,顏色,
evocab:returns-packaging,packaging,Beginning,A2,E-vocab,Shopping & Money,Returning an Item,,noun,the box and materials a product comes in,Please keep the original packaging.,包裝,
evocab:returns-complaint,complaint,Middle,B1,E-vocab,Shopping & Money,Returning an Item,,noun,a statement that something is wrong,I'd like to make a complaint.,投訴；客訴,
evocab:returns-store-credit,store credit,Middle,B1,E-vocab,Shopping & Money,Returning an Item,,noun,money you can spend only at that store,We can give you store credit instead of cash.,購物金,
evocab:returns-proof-of-purchase,proof of purchase,Middle,B1,E-vocab,Shopping & Money,Returning an Item,,noun,something that shows you bought an item,Bring your proof of purchase.,購買證明,
evocab:returns-restocking-fee,restocking fee,Middle,B2,E-vocab,Shopping & Money,Returning an Item,,noun,a charge for returning an item,There's a 15% restocking fee.,重新上架費,
evocab:returns-faulty,faulty,Middle,B2,E-vocab,Shopping & Money,Returning an Item,,adjective,not working properly,The charger was faulty.,有缺陷的,Everyday English (Advanced)
evocab:returns-unused,unused,Middle,B2,E-vocab,Shopping & Money,Returning an Item,,adjective,not used yet,Items must be unused to be returned.,未使用的,
evocab:returns-dispute,dispute,Advanced,C1,E-vocab,Shopping & Money,Returning an Item,,noun,a disagreement,I filed a dispute with my bank.,爭議,
evocab:returns-liability,liability,Advanced,C1,E-vocab,Shopping & Money,Returning an Item,,noun,legal responsibility,The store denied liability for the damage.,責任,
evocab:returns-non-refundable,non-refundable,Advanced,C1,E-vocab,Shopping & Money,Returning an Item,,adjective,not able to be returned for money,Sale items are non-refundable.,不可退款的,
evocab:returns-rescind,rescind,Advanced,C2,E-vocab,Shopping & Money,Returning an Item,,verb,to officially cancel,The company rescinded the offer.,撤銷,
evocab:returns-redress,redress,Advanced,C2,E-vocab,Shopping & Money,Returning an Item,,noun,payment or action to correct a wrong,Customers sought redress for the faulty products.,補償；糾正,
everyday:emotions-beginner-honestly,honestly,Beginning,Beginner,Everyday English,Emotions,"How are you, really?",,,Used before saying what you truly think or feel.,"Honestly, I need a quiet evening at home.",,
everyday:emotions-beginner-low-on-energy,low on energy,Beginning,Beginner,Everyday English,Emotions,"How are you, really?",,,Feeling tired and not very active.,I’m low on energy after staying up late.,,
everyday:emotions-beginner-i-hear-you,I hear you,Beginning,Beginner,Everyday English,Emotions,"How are you, really?",,,A caring way to show that you understand someone’s situation.,I hear you—moving to a new city can be hard.,,
everyday:emotions-beginner-relieved,relieved,Beginning,Beginner,Everyday English,Emotions,"How are you, really?",,,Happy because something difficult or worrying is over.,I felt relieved when the test results were normal.,,E-vocab (Middle)
everyday:emotions-beginner-hanging-over-me,hanging over me,Beginning,Beginner,Everyday English,Emotions,"How are you, really?",,,Worrying you because it is not finished or settled yet.,The unpaid bill was hanging over me all week.,,
everyday:emotions-beginner-get-through-it,get through it,Beginning,Beginner,Everyday English,Emotions,"How are you, really?",,,To manage a hard time until it is over.,"The first month was hard, but we got through it.",,
everyday:emotions-intermediate-a-lot-on-my-plate,a lot on my plate,Middle,Intermediate,Everyday English,Emotions,When you’re stressed,,,Many tasks or responsibilities to deal with at the same time.,I can’t join another project—I already have a lot on my plate.,,
everyday:emotions-intermediate-overwhelmed,overwhelmed,Middle,Intermediate,Everyday English,Emotions,When you’re stressed,,,Feeling unable to manage because there is too much happening.,I felt overwhelmed by all the decisions.,,E-vocab (Middle)
everyday:emotions-intermediate-under-pressure,under pressure,Middle,Intermediate,Everyday English,Emotions,When you’re stressed,,,Feeling stress because something difficult or urgent is expected.,She stays calm even when she’s under pressure.,,
everyday:emotions-intermediate-burn-out,burn out,Middle,Intermediate,Everyday English,Emotions,When you’re stressed,,,Become extremely tired and unmotivated after long-term stress.,Take regular breaks so you don’t burn out.,,
everyday:emotions-intermediate-keep-meaning-to,keep meaning to,Middle,Intermediate,Everyday English,Emotions,When you’re stressed,,,To intend to do something again and again without actually doing it.,"I keep meaning to call my sister, but the week disappears.",,
everyday:emotions-intermediate-give-it-a-shot,give it a shot,Middle,Intermediate,Everyday English,Emotions,When you’re stressed,,,"To try something, even though you are not sure it will work.","I’ve never cooked this dish, but I’ll give it a shot.",,
everyday:emotions-advanced-holding-up,holding up,Advanced,Advanced,Everyday English,Emotions,Processing a breakup,,,Managing emotionally during a difficult situation.,How are you holding up after the move?,,
everyday:emotions-advanced-get-used-to,get used to,Advanced,Advanced,Everyday English,Emotions,Processing a breakup,,,Gradually become comfortable with a new or changed situation.,It took time to get used to living alone.,,
everyday:emotions-advanced-go-through,go through,Advanced,Advanced,Everyday English,Emotions,Processing a breakup,,,Experience a difficult or emotionally intense period.,She went through a difficult year and learned a lot.,,
everyday:emotions-advanced-could-use,could use,Advanced,Advanced,Everyday English,Emotions,Processing a breakup,,,Would benefit from or appreciate having something.,I could use some fresh air after that meeting.,,
everyday:emotions-advanced-say-the-word,say the word,Advanced,Advanced,Everyday English,Emotions,Processing a breakup,,,Tell me and I will do it straight away.,"If you want me to leave, just say the word.",,
everyday:emotions-advanced-be-over-it,be over it,Advanced,Advanced,Everyday English,Emotions,Processing a breakup,,,To have stopped feeling upset about something that happened.,"It’s been a year, and I’m still not over it.",,
everyday:health-beginner-what-brings-you-in,What brings you in?,Beginning,Beginner,Everyday English,Health,Visiting the doctor,,,A doctor’s common way of asking why you came for an appointment.,"What brings you in today, Mr. Chen?",,
everyday:health-beginner-sore-throat,sore throat,Beginning,Beginner,Everyday English,Health,Visiting the doctor,,,"Pain or irritation in your throat, especially when swallowing.",Warm tea helps my sore throat.,,
everyday:health-beginner-symptom,symptom,Beginning,Beginner,Everyday English,Health,Visiting the doctor,,,A change in your body that may show you are sick.,A headache was my first symptom.,,E-vocab (Beginning)
everyday:health-beginner-slight,slight,Beginning,Beginner,Everyday English,Health,Visiting the doctor,,,Small in amount or degree; not serious.,I have a slight pain in my left shoulder.,,
everyday:health-beginner-appetite,appetite,Beginning,Beginner,Everyday English,Health,Visiting the doctor,,,The wish to eat.,I lost my appetite when I got sick.,,
everyday:health-beginner-clear-up,clear up,Beginning,Beginner,Everyday English,Health,Visiting the doctor,,,"To get better and go away, said about an illness.",The rash cleared up after two days.,,
everyday:health-intermediate-dizzy,dizzy,Middle,Intermediate,Everyday English,Health,Talking about symptoms,,,Feeling as if you or the room are spinning and you may lose balance.,I felt dizzy when I stood up.,,E-vocab (Middle)
everyday:health-intermediate-going-on,going on,Middle,Intermediate,Everyday English,Health,Talking about symptoms,,,Continuing or happening over a period of time.,How long has the pain been going on?,,
everyday:health-intermediate-seems-to-help,seems to help,Middle,Intermediate,Everyday English,Health,Talking about symptoms,,,"Appears to improve a problem, though you are not completely certain.",Stretching seems to help my back.,,
everyday:health-intermediate-get-it-checked-out,get it checked out,Middle,Intermediate,Everyday English,Health,Talking about symptoms,,,Ask a medical professional to examine a possible health problem.,That cough has lasted a while—you should get it checked out.,,
everyday:health-intermediate-now-that-you-mention-it,now that you mention it,Middle,Intermediate,Everyday English,Health,Talking about symptoms,,,Used when someone's question makes you notice something you had not thought about.,"Now that you mention it, I have been sleeping badly.",,
everyday:health-intermediate-rule-out,rule out,Middle,Intermediate,Everyday English,Health,Talking about symptoms,,,"To check that something is not the cause, so you can stop considering it.",The doctor wants to rule out an infection.,,
everyday:health-advanced-monitor,monitor,Advanced,Advanced,Everyday English,Health,Navigating a diagnosis,,,Check something regularly to notice changes over time.,The doctor wants to monitor my blood pressure.,,E-vocab (Middle)
everyday:health-advanced-walk-me-through,walk me through,Advanced,Advanced,Everyday English,Health,Navigating a diagnosis,,,"Explain a process or idea carefully, one part at a time.",Could you walk me through the treatment plan?,,
everyday:health-advanced-side-effect,side effect,Advanced,Advanced,Everyday English,Health,Navigating a diagnosis,,,"An additional, often unwanted effect of a medicine or treatment.",Drowsiness can be a side effect of this medicine.,,E-vocab (Middle)
everyday:health-advanced-pros-and-cons,pros and cons,Advanced,Advanced,Everyday English,Health,Navigating a diagnosis,,,The advantages and disadvantages of a choice.,Let’s discuss the pros and cons before deciding.,,
everyday:health-advanced-day-to-day,day-to-day,Advanced,Advanced,Everyday English,Health,Navigating a diagnosis,,,Happening as part of ordinary daily life.,The medication has not changed my day-to-day routine.,,
everyday:health-advanced-carry-on,carry on,Advanced,Advanced,Everyday English,Health,Navigating a diagnosis,,,To continue doing something in the usual way.,She carried on working through the treatment.,,
everyday:diet-beginner-ready-to-order,ready to order,Beginning,Beginner,Everyday English,Diet & Food,Ordering at a restaurant,,,Prepared to tell the server what food you want.,We need another minute before we’re ready to order.,,
everyday:diet-beginner-mild,mild,Beginning,Beginner,Everyday English,Diet & Food,Ordering at a restaurant,,,"Not strong, hot, or spicy in flavor.",Could you make the sauce mild?,,
everyday:diet-beginner-go-with,go with,Beginning,Beginner,Everyday English,Diet & Food,Ordering at a restaurant,,,To choose something from several options.,I think I’ll go with the soup today.,,
everyday:diet-beginner-side,side,Beginning,Beginner,Everyday English,Diet & Food,Ordering at a restaurant,,,A small dish served with the main part of a meal.,The sandwich comes with a side of fries.,,
everyday:diet-beginner-main,main,Beginning,Beginner,Everyday English,Diet & Food,Ordering at a restaurant,,,"The largest dish of a meal, served after any starter.",I ordered soup first and fish as my main.,,
everyday:diet-beginner-take-your-time,take your time,Beginning,Beginner,Everyday English,Diet & Food,Ordering at a restaurant,,,A polite way to say there is no need to hurry.,Take your time—we’re not in a hurry.,,
everyday:diet-intermediate-cut-back-on,cut back on,Middle,Intermediate,Everyday English,Diet & Food,Talking about diets,,,"Use, eat, or do less of something without stopping completely.",I’m trying to cut back on takeout meals.,,
everyday:diet-intermediate-for-health-reasons,for health reasons,Middle,Intermediate,Everyday English,Diet & Food,Talking about diets,,,"Because of a health goal, concern, or medical need.",She avoids very salty food for health reasons.,,
everyday:diet-intermediate-that-makes-sense,That makes sense,Middle,Intermediate,Everyday English,Diet & Food,Talking about diets,,,A supportive way to say you understand someone’s reason.,You need to leave early? That makes sense.,,
everyday:diet-intermediate-give-up,give up,Middle,Intermediate,Everyday English,Diet & Food,Talking about diets,,,"Stop having or doing something, often permanently.",I don’t want to give up coffee entirely.,,
everyday:diet-intermediate-craving,craving,Middle,Intermediate,Everyday English,Diet & Food,Talking about diets,,,A strong wish to eat a particular food.,I get a craving for chocolate every evening.,,
everyday:diet-intermediate-stick,stick,Middle,Intermediate,Everyday English,Diet & Food,Talking about diets,,,"To last, said about a new habit or change.",The new routine only stuck after a month.,,
everyday:diet-advanced-help-yourself,help yourself,Advanced,Advanced,Everyday English,Diet & Food,Food allergies and restrictions,,,Take food or drink without waiting for someone to serve you.,There’s coffee in the kitchen—please help yourself.,,
everyday:diet-advanced-contain,contain,Advanced,Advanced,Everyday English,Diet & Food,Food allergies and restrictions,,,Have a particular ingredient or substance inside.,Does this dressing contain dairy?,,
everyday:diet-advanced-severe-allergy,severe allergy,Advanced,Advanced,Everyday English,Diet & Food,Food allergies and restrictions,,,A serious immune reaction that can require urgent medical care.,Please tell the kitchen that I have a severe shellfish allergy.,,
everyday:diet-advanced-cross-contact,cross-contact,Advanced,Advanced,Everyday English,Diet & Food,Food allergies and restrictions,,,The accidental transfer of an allergen from one food or surface to another.,Separate utensils help prevent cross-contact.,,
everyday:diet-advanced-beforehand,beforehand,Advanced,Advanced,Everyday English,Diet & Food,Food allergies and restrictions,,,"Earlier than an event, in preparation for it.",Let me know beforehand if you can’t eat dairy.,,
everyday:diet-advanced-noted,noted,Advanced,Advanced,Everyday English,Diet & Food,Food allergies and restrictions,,,A short way to say you have understood and will remember.,No nuts in the salad—noted.,,
everyday:career-beginner-experience,experience,Beginning,Beginner,Everyday English,Career,Job interview basics,,,Knowledge or skill gained by doing a job or activity.,I have two years of experience in retail.,,E-vocab (Beginning)
everyday:career-beginner-feel-heard,feel heard,Beginning,Beginner,Everyday English,Career,Job interview basics,,,Feel that another person has truly listened and understood.,Good managers make their team feel heard.,,
everyday:career-beginner-position,position,Beginning,Beginner,Everyday English,Career,Job interview basics,,,A particular job in a company or organization.,I’m applying for the sales position.,,E-vocab (Middle)
everyday:career-beginner-good-match,a good match,Beginning,Beginner,Everyday English,Career,Job interview basics,,,Something well suited to a person’s skills or needs.,This role is a good match for my communication skills.,,
everyday:career-beginner-turn-out,turn out,Beginning,Beginner,Everyday English,Career,Job interview basics,,,To have a particular result in the end.,The meeting turned out better than I expected.,,
everyday:career-beginner-make-the-difference,make the difference,Beginning,Beginner,Everyday English,Career,Job interview basics,,,To be the thing that causes a good result.,Practising out loud made the difference in my interview.,,
everyday:career-intermediate-so-far,so far,Middle,Intermediate,Everyday English,Career,Talking with coworkers,,,Up to the present point in time.,The project is going smoothly so far.,,
everyday:career-intermediate-nonstop,nonstop,Middle,Intermediate,Everyday English,Career,Talking with coworkers,,,Very busy or continuing without a break.,"My morning was nonstop, so I’m taking a short walk.",,
everyday:career-intermediate-make-progress,make progress,Middle,Intermediate,Everyday English,Career,Talking with coworkers,,,Move closer to finishing or improving something.,We made good progress on the report today.,,
everyday:career-intermediate-get-up-to-speed,get up to speed,Middle,Intermediate,Everyday English,Career,Talking with coworkers,,,Learn enough about a situation to work effectively.,It took me a week to get up to speed in my new role.,,
everyday:career-intermediate-take-you-up-on-that,take you up on that,Middle,Intermediate,Everyday English,Career,Talking with coworkers,,,To accept an offer someone has made.,"You offered to help, and I’d like to take you up on that.",,
everyday:career-intermediate-inside-out,inside out,Middle,Intermediate,Everyday English,Career,Talking with coworkers,,,"Extremely well, said about knowing something completely.",He knows the system inside out after five years.,,
everyday:career-advanced-handle-differently,handle differently,Advanced,Advanced,Everyday English,Career,Giving difficult feedback,,,"Manage a situation in another, usually better, way.",What should I handle differently next time?,,
everyday:career-advanced-cut-someone-off,cut someone off,Advanced,Advanced,Everyday English,Career,Giving difficult feedback,,,Interrupt and stop someone before they finish speaking.,I’m sorry—I didn’t mean to cut you off.,,
everyday:career-advanced-thats-fair,That’s fair,Advanced,Advanced,Everyday English,Career,Giving difficult feedback,,,A way to acknowledge that a point or request is reasonable.,You’re right that I was late. That’s fair.,,
everyday:career-advanced-check-in-with,check in with,Advanced,Advanced,Everyday English,Career,Giving difficult feedback,,,Speak briefly with someone to share information or see how things are going.,I’ll check in with the design team this afternoon.,,
everyday:career-advanced-for-what-its-worth,for what it’s worth,Advanced,Advanced,Everyday English,Career,Giving difficult feedback,,,"Used before an opinion you offer modestly, without insisting on it.","For what it’s worth, I thought your draft was clear.",,
everyday:career-advanced-a-second-pair-of-eyes,a second pair of eyes,Advanced,Advanced,Everyday English,Career,Giving difficult feedback,,,Another person who checks your work and notices what you missed.,Could you be a second pair of eyes on this report?,,
everyday:finance-beginner-checking-account,checking account,Beginning,Beginner,Everyday English,Money & Finance,Opening a bank account,,,A bank account used for everyday payments and withdrawals.,My salary goes directly into my checking account.,,
everyday:finance-beginner-savings-account,savings account,Beginning,Beginner,Everyday English,Money & Finance,Opening a bank account,,,A bank account mainly used to keep money and earn interest.,I move a little money into my savings account each month.,,
everyday:finance-beginner-waived,waived,Beginning,Beginner,Everyday English,Money & Finance,Opening a bank account,,,"Officially removed, so you do not have to pay or follow something.",The delivery fee is waived on large orders.,,
everyday:finance-beginner-minimum-balance,minimum balance,Beginning,Beginner,Everyday English,Money & Finance,Opening a bank account,,,The smallest amount of money you must keep in an account.,This account has no minimum balance.,,
everyday:finance-beginner-drop-below,drop below,Beginning,Beginner,Everyday English,Money & Finance,Opening a bank account,,,To fall under a set amount.,My balance dropped below the limit last month.,,
everyday:finance-beginner-go-ahead,go ahead,Beginning,Beginner,Everyday English,Money & Finance,Opening a bank account,,,To start doing something you have decided on.,Let’s go ahead and book the tickets.,,
everyday:finance-intermediate-budget,budget,Middle,Intermediate,Everyday English,Money & Finance,Budgeting talk,,,"A plan for how much money you will earn, spend, and save.",Our travel budget is smaller this year.,,E-vocab (Middle)
everyday:finance-intermediate-add-up,add up,Middle,Intermediate,Everyday English,Money & Finance,Budgeting talk,,,Grow into a surprisingly large total over time.,Small subscription fees can really add up.,,
everyday:finance-intermediate-put-toward,put toward,Middle,Intermediate,Everyday English,Money & Finance,Budgeting talk,,,Use an amount of money to help pay for a goal or expense.,I put part of my bonus toward a new laptop.,,
everyday:finance-intermediate-emergency-fund,emergency fund,Middle,Intermediate,Everyday English,Money & Finance,Budgeting talk,,,Money saved for unexpected costs or loss of income.,We keep three months of expenses in an emergency fund.,,
everyday:finance-intermediate-pinch,pinch,Middle,Intermediate,Everyday English,Money & Finance,Budgeting talk,,,"To feel uncomfortably tight, said about money or time.",The new rent pinches a little each month.,,
everyday:finance-intermediate-fair-enough,fair enough,Middle,Intermediate,Everyday English,Money & Finance,Budgeting talk,,,Used to accept what someone said as reasonable.,You’d rather wait? Fair enough.,,
everyday:finance-advanced-jargon,jargon,Advanced,Advanced,Everyday English,Money & Finance,Investing in plain English,,,Specialized words that can be difficult for people outside a field to understand.,Could you explain that without the financial jargon?,,
everyday:finance-advanced-put-me-off,put me off,Advanced,Advanced,Everyday English,Money & Finance,Investing in plain English,,,"Make me feel less interested, comfortable, or willing to try something.",The complicated sign-up process put me off.,,
everyday:finance-advanced-diversified,diversified,Advanced,Advanced,Everyday English,Money & Finance,Investing in plain English,,,Spread across different types of investments to avoid depending on one.,A diversified portfolio can still rise or fall in value.,,
everyday:finance-advanced-for-the-long-term,for the long term,Advanced,Advanced,Everyday English,Money & Finance,Investing in plain English,,,With a plan to continue for many years rather than seek a quick result.,"We’re saving for the long term, not for a purchase next month.",,
everyday:finance-advanced-out-of-sight,out of sight,Advanced,Advanced,Everyday English,Money & Finance,Investing in plain English,,,"Not visible, so you think about it less.",I keep the sweets out of sight so I forget about them.,,
everyday:finance-advanced-behaviour,behaviour,Advanced,Advanced,Everyday English,Money & Finance,Investing in plain English,,,"The way a person acts, especially by habit.",Saving money is mostly about behaviour.,,
everyday:ai-beginner-basically,basically,Beginning,Beginner,Everyday English,AI & Tech,"What is AI, really?",,,Used to introduce the simplest or most important explanation.,"Basically, the app helps you organize your notes.",,
everyday:ai-beginner-pattern,pattern,Beginning,Beginner,Everyday English,AI & Tech,"What is AI, really?",,,Something that repeats or happens in a recognizable way.,The system noticed a pattern in the data.,,
everyday:ai-beginner-request,request,Beginning,Beginner,Everyday English,AI & Tech,"What is AI, really?",,,Something you ask a person or system to do.,The assistant answered my request in seconds.,,
everyday:ai-beginner-not-exactly,not exactly,Beginning,Beginner,Everyday English,AI & Tech,"What is AI, really?",,,A gentle way to say that an idea is not completely correct.,Is this your first visit? Not exactly—I came once as a child.,,
everyday:ai-beginner-common-sense,common sense,Beginning,Beginner,Everyday English,AI & Tech,"What is AI, really?",,,Good practical judgement that most people share.,Locking the door is just common sense.,,
everyday:ai-beginner-treat-it-like,treat it like,Beginning,Beginner,Everyday English,AI & Tech,"What is AI, really?",,,To deal with something as if it were a particular kind of thing.,"Treat the first draft like a starting point, not a finished piece.",,
everyday:ai-intermediate-first-draft,first draft,Middle,Intermediate,Everyday English,AI & Tech,Using AI at work,,,An early version that will be reviewed and improved.,The tool gave me a first draft of the email.,,
everyday:ai-intermediate-double-check,double-check,Middle,Intermediate,Everyday English,AI & Tech,Using AI at work,,,Look at something again to make sure it is correct.,Please double-check the address before you send the package.,,
everyday:ai-intermediate-busywork,busywork,Middle,Intermediate,Everyday English,AI & Tech,Using AI at work,,,Routine work that takes time but needs little judgment.,Automation takes care of some of the busywork.,,
everyday:ai-intermediate-make-the-final-call,make the final call,Middle,Intermediate,Everyday English,AI & Tech,Using AI at work,,,Have responsibility for the last and most important decision.,The editor makes the final call on what gets published.,,
everyday:ai-intermediate-invent,invent,Middle,Intermediate,Everyday English,AI & Tech,Using AI at work,,,To make something up that is not true.,The tool invented a source that does not exist.,,
everyday:ai-intermediate-straight-into,straight into,Middle,Intermediate,Everyday English,AI & Tech,Using AI at work,,,"Directly, with no step in between.",Don’t copy it straight into the report without reading it.,,
everyday:ai-advanced-uneasy,uneasy,Advanced,Advanced,Everyday English,AI & Tech,AI worries and ethics,,,Worried or uncomfortable about a situation.,I feel uneasy about sharing that much personal data.,,
everyday:ai-advanced-oversight,oversight,Advanced,Advanced,Everyday English,AI & Tech,AI worries and ethics,,,"Supervision that makes sure a process is safe, fair, and responsible.",High-risk decisions need human oversight.,,
everyday:ai-advanced-transparent,transparent,Advanced,Advanced,Everyday English,AI & Tech,AI worries and ethics,,,Open and clear about how something works or why a decision was made.,The company should be transparent about how it uses customer data.,,
everyday:ai-advanced-accountability,accountability,Advanced,Advanced,Everyday English,AI & Tech,AI worries and ethics,,,Responsibility for decisions and their results.,Clear ownership creates accountability when something goes wrong.,,E-vocab (Advanced)
everyday:ai-advanced-answer-for,answer for,Advanced,Advanced,Everyday English,AI & Tech,AI worries and ethics,,,To take responsibility for something and explain it when asked.,The manager had to answer for the delay.,,
everyday:ai-advanced-spread-thin,spread thin,Advanced,Advanced,Everyday English,AI & Tech,AI worries and ethics,,,Divided among so many people or tasks that little is left anywhere.,The team is spread thin across four projects.,,
everyday:travel-beginner-here-you-go,Here you go,Beginning,Beginner,Everyday English,Travel,At the airport,,,Something you say when handing an item to another person.,Here you go—one passport and one boarding pass.,,
everyday:travel-beginner-check-a-bag,check a bag,Beginning,Beginner,Everyday English,Travel,At the airport,,,Give luggage to the airline to store under the plane.,I need to check one bag for my flight.,,
everyday:travel-beginner-carry-on,carry on,Beginning,Beginner,Everyday English,Travel,At the airport,,,Take a small bag with you onto an airplane.,You can carry on one small suitcase.,,
everyday:travel-beginner-aisle,aisle,Beginning,Beginner,Everyday English,Travel,At the airport,,,The narrow walking space between rows of seats.,I prefer an aisle seat on long flights.,,E-vocab (Beginning)
everyday:travel-beginner-on-time,on time,Beginning,Beginner,Everyday English,Travel,At the airport,,,Arriving or leaving at the planned time.,The train was on time for once.,,
everyday:travel-beginner-clear-security,clear security,Beginning,Beginner,Everyday English,Travel,At the airport,,,To pass through the airport security check.,Allow an hour to clear security at this airport.,,
everyday:travel-intermediate-under-a-name,under a name,Middle,Intermediate,Everyday English,Travel,Checking into a hotel,,,Recorded in a booking system using a particular person’s name.,The dinner reservation is under Patel.,,
everyday:travel-intermediate-is-there-any-way,Is there any way to…?,Middle,Intermediate,Everyday English,Travel,Checking into a hotel,,,A polite phrase for asking whether something is possible.,Is there any way to check out an hour later?,,
everyday:travel-intermediate-light-sleeper,light sleeper,Middle,Intermediate,Everyday English,Travel,Checking into a hotel,,,Someone who wakes up easily because of noise or movement.,"I’m a light sleeper, so I always pack earplugs.",,
everyday:travel-intermediate-hold-my-bags,hold my bags,Middle,Intermediate,Everyday English,Travel,Checking into a hotel,,,Store luggage safely for a short period.,Could the hotel hold our bags after checkout?,,
everyday:travel-intermediate-two-streets-over,two streets over,Middle,Intermediate,Everyday English,Travel,Checking into a hotel,,,Two streets away from where you are now.,"The pharmacy is two streets over, on the left.",,
everyday:travel-intermediate-what-i-was-after,what I was after,Middle,Intermediate,Everyday English,Travel,Checking into a hotel,,,Exactly the thing you were hoping to find.,A quiet café was what I was after.,,
everyday:travel-advanced-wrong-turn,wrong turn,Advanced,Advanced,Everyday English,Travel,Getting lost,,,A turn onto a road or path that does not lead where you intended.,We took a wrong turn and ended up by the river.,,
everyday:travel-advanced-opposite-direction,opposite direction,Advanced,Advanced,Everyday English,Travel,Getting lost,,,The direction directly away from where you should be going.,The train station is in the opposite direction.,,
everyday:travel-advanced-get-back-on-track,get back on track,Advanced,Advanced,Everyday English,Travel,Getting lost,,,"Return to the correct route, plan, or course of action.",This shortcut should get us back on track.,,
everyday:travel-advanced-hard-to-miss,hard to miss,Advanced,Advanced,Everyday English,Travel,Getting lost,,,Very easy to notice or find.,"The entrance has a bright red sign, so it’s hard to miss.",,
everyday:travel-advanced-lose-your-bearings,lose your bearings,Advanced,Advanced,Everyday English,Travel,Getting lost,,,To stop knowing which direction you are facing.,I lost my bearings as soon as I left the station.,,
everyday:travel-advanced-worth-the-walk,worth the walk,Advanced,Advanced,Everyday English,Travel,Getting lost,,,Good enough to justify the effort of walking there.,The view at the top is worth the walk.,,
everyday:relationships-beginner-thank-you-for-having-me,Thank you for having me,Beginning,Beginner,Everyday English,Relationships,Meeting a friend’s parents,,,A polite way to thank someone for inviting you to their home or event.,Dinner was wonderful—thank you for having me.,,
everyday:relationships-beginner-glad-you-could-come,glad you could come,Beginning,Beginner,Everyday English,Relationships,Meeting a friend’s parents,,,A friendly way to tell a guest you are happy they are there.,We’re glad you could come to the party.,,
everyday:relationships-beginner-all-the-time,all the time,Beginning,Beginner,Everyday English,Relationships,Meeting a friend’s parents,,,Very often or repeatedly.,My sister talks about that restaurant all the time.,,
everyday:relationships-beginner-i-hope,I hope,Beginning,Beginner,Everyday English,Relationships,Meeting a friend’s parents,,,Used to say that you want something to be true or happen.,"The weather will be nice tomorrow, I hope.",,
everyday:relationships-beginner-how-lovely,How lovely,Beginning,Beginner,Everyday English,Relationships,Meeting a friend’s parents,,,A warm way to show you are pleased by what someone said.,You’re learning to bake? How lovely.,,
everyday:relationships-beginner-give-you-a-hand,give you a hand,Beginning,Beginner,Everyday English,Relationships,Meeting a friend’s parents,,,To help someone with a task.,Let me give you a hand with those bags.,,
everyday:relationships-intermediate-would-work-for-me,would work for me,Middle,Intermediate,Everyday English,Relationships,Making plans that stick,,,Would fit your schedule or meet your needs.,A morning appointment would work for me.,,
everyday:relationships-intermediate-how-about,How about…?,Middle,Intermediate,Everyday English,Relationships,Making plans that stick,,,A common phrase used to make a suggestion.,How about coffee after lunch?,,
everyday:relationships-intermediate-lock-it-in,lock it in,Middle,Intermediate,Everyday English,Relationships,Making plans that stick,,,Confirm a plan so that it is treated as final.,"Saturday works for everyone, so let’s lock it in.",,
everyday:relationships-intermediate-when-you-get-a-chance,when you get a chance,Middle,Intermediate,Everyday English,Relationships,Making plans that stick,,,When you have enough free time; there is no immediate rush.,Call me when you get a chance.,,
everyday:relationships-intermediate-get-away,get away,Middle,Intermediate,Everyday English,Relationships,Making plans that stick,,,"To be able to leave a place, especially work.",I can’t get away before six on Tuesdays.,,
everyday:relationships-intermediate-let-it-slide,let it slide,Middle,Intermediate,Everyday English,Relationships,Making plans that stick,,,To keep putting something off instead of dealing with it.,We let the repairs slide all summer.,,
everyday:relationships-advanced-something-came-up,something came up,Advanced,Advanced,Everyday English,Relationships,Setting boundaries,,,An unexpected event or problem appeared.,I need to reschedule because something came up at work.,,
everyday:relationships-advanced-in-a-difficult-spot,in a difficult spot,Advanced,Advanced,Everyday English,Relationships,Setting boundaries,,,In a situation where the available choices are limited or hard.,The canceled flight left us in a difficult spot.,,
everyday:relationships-advanced-put-on-the-spot,put someone on the spot,Advanced,Advanced,Everyday English,Relationships,Setting boundaries,,,Pressure someone to answer or decide immediately.,I didn’t mean to put you on the spot in front of everyone.,,
everyday:relationships-advanced-respected,respected,Advanced,Advanced,Everyday English,Relationships,Setting boundaries,,,"Treated as important, valid, and worthy of consideration.",Everyone deserves to have their boundaries respected.,,
everyday:relationships-advanced-lean-on,lean on,Advanced,Advanced,Everyday English,Relationships,Setting boundaries,,,To depend on someone for help or support.,I’ve been leaning on my brother since the move.,,
everyday:relationships-advanced-by-default,by default,Advanced,Advanced,Everyday English,Relationships,Setting boundaries,,,"Automatically, because no one decided otherwise.",I became the organiser by default.,,
everyday:small-talk-beginner-isnt-it,isn’t it?,Beginning,Beginner,Everyday English,Small Talk,Weather and the weekend,,,A short question added to invite the other person to agree.,"It’s busy in here, isn’t it?",,
everyday:small-talk-beginner-me-too,me too,Beginning,Beginner,Everyday English,Small Talk,Weather and the weekend,,,A quick way to say that the same thing is true for you.,I love quiet mornings. Me too!,,
everyday:small-talk-beginner-might,might,Beginning,Beginner,Everyday English,Small Talk,Weather and the weekend,,,Used when something is possible but not certain.,I might meet some friends after work.,,
everyday:small-talk-beginner-hold-up,hold up,Beginning,Beginner,Everyday English,Small Talk,Weather and the weekend,,,Continue to stay good or strong despite possible change.,We’ll have a picnic if the weather holds up.,,
everyday:small-talk-beginner-steep,steep,Beginning,Beginner,Everyday English,Small Talk,Weather and the weekend,,,"Rising sharply, so it is hard to climb.",The path gets steep near the top.,,
everyday:small-talk-beginner-the-more-the-merrier,the more the merrier,Beginning,Beginner,Everyday English,Small Talk,Weather and the weekend,,,A friendly way to say extra people are welcome.,Bring your sister too—the more the merrier.,,
everyday:small-talk-intermediate-not-at-all,not at all,Middle,Intermediate,Everyday English,Small Talk,Compliments that land,,,A reassuring way to strongly say no or remove a concern.,Was I too loud? Not at all.,,
everyday:small-talk-intermediate-easy-to-follow,easy to follow,Middle,Intermediate,Everyday English,Small Talk,Compliments that land,,,Clear and organized enough to understand without difficulty.,Her instructions were short and easy to follow.,,
everyday:small-talk-intermediate-that-means-a-lot,That means a lot,Middle,Intermediate,Everyday English,Small Talk,Compliments that land,,,A warm response showing that someone’s words matter to you.,Thank you for supporting me. That means a lot.,,
everyday:small-talk-intermediate-it-showed,It showed,Middle,Intermediate,Everyday English,Small Talk,Compliments that land,,,The effort or quality was clear from the result.,"You worked hard on this, and it showed.",,
everyday:small-talk-intermediate-talk-someone-out-of,talk someone out of,Middle,Intermediate,Everyday English,Small Talk,Compliments that land,,,To persuade someone not to do what they planned.,She talked me out of buying the bigger car.,,
everyday:small-talk-intermediate-pass-it-on,pass it on,Middle,Intermediate,Everyday English,Small Talk,Compliments that land,,,To tell someone else a message you were given.,Thanks for the kind words—I’ll pass them on.,,
everyday:small-talk-advanced-sometime,sometime,Advanced,Advanced,Everyday English,Small Talk,Exiting gracefully,,,At an unspecified time in the future.,We should have lunch sometime.,,
everyday:small-talk-advanced-get-back-to,get back to,Advanced,Advanced,Everyday English,Small Talk,Exiting gracefully,,,"Return your attention to a person, task, or activity.",I’ll let you get back to your work.,,
everyday:small-talk-advanced-catch-up,catch up,Advanced,Advanced,Everyday English,Small Talk,Exiting gracefully,,,Talk with someone you know about what has happened recently.,It was lovely to catch up after so many years.,,E-vocab (Middle)
everyday:small-talk-advanced-enjoy-the-rest,Enjoy the rest of…,Advanced,Advanced,Everyday English,Small Talk,Exiting gracefully,,,A warm farewell wishing someone a pleasant remaining time.,Enjoy the rest of your weekend!,,
everyday:small-talk-advanced-before-i-forget,before I forget,Advanced,Advanced,Everyday English,Small Talk,Exiting gracefully,,,Said when you raise something quickly in case it slips your mind.,"Before I forget, your book is in my bag.",,
everyday:small-talk-advanced-circulate,circulate,Advanced,Advanced,Everyday English,Small Talk,Exiting gracefully,,,"To move around a gathering, speaking briefly with many people.",The host circulated so everyone got a hello.,,
everyday:shopping-beginner-excuse-me,Excuse me,Beginning,Beginner,Everyday English,Shopping,Asking about prices,,,A polite phrase used to get someone’s attention.,"Excuse me, do you work here?",,
everyday:shopping-beginner-on-sale,on sale,Beginning,Beginner,Everyday English,Shopping,Asking about prices,,,Available at a lower price than usual.,These shoes are on sale this week.,,
everyday:shopping-beginner-the-only-difference,the only difference,Beginning,Beginner,Everyday English,Shopping,Asking about prices,,,The one feature that is not the same between two things.,The only difference is that this model has a larger screen.,,
everyday:shopping-beginner-ill-take-it,I’ll take it,Beginning,Beginner,Everyday English,Shopping,Asking about prices,,,A common way to say you have decided to buy something.,This jacket fits perfectly. I’ll take it.,,
everyday:shopping-beginner-receipt,receipt,Beginning,Beginner,Everyday English,Shopping,Asking about prices,,,The printed proof of what you paid.,Keep the receipt in case you return it.,,E-vocab (Beginning)
everyday:shopping-beginner-have-a-good-day,have a good day,Beginning,Beginner,Everyday English,Shopping,Asking about prices,,,A friendly goodbye used in shops and services.,Thanks for coming in—have a good day.,,
everyday:shopping-intermediate-working-out,working out,Middle,Intermediate,Everyday English,Shopping,Trying things on,,,Fitting your needs or producing a good result.,How are those new shoes working out?,,
everyday:shopping-intermediate-tight,tight,Middle,Intermediate,Everyday English,Shopping,Trying things on,,,Fitting too closely and leaving little room to move.,These jeans are too tight around the waist.,,E-vocab (Beginning)
everyday:shopping-intermediate-next-size-up,the next size up,Middle,Intermediate,Everyday English,Shopping,Trying things on,,,One size larger than the item you have now.,Could I try the next size up?,,
everyday:shopping-intermediate-on-the-fence,on the fence,Middle,Intermediate,Everyday English,Shopping,Trying things on,,,Unable to decide between choices or whether to do something.,I’m on the fence about buying a tablet.,,
everyday:shopping-intermediate-fitting-room,fitting room,Middle,Intermediate,Everyday English,Shopping,Trying things on,,,A small room in a shop where you try clothes on.,The fitting room is at the back of the store.,,E-vocab (Beginning)
everyday:shopping-intermediate-hold-its-shape,hold its shape,Middle,Intermediate,Everyday English,Shopping,Trying things on,,,To stay the same form after washing or wearing.,Wool holds its shape better than cotton.,,
everyday:shopping-advanced-didnt-work-out,didn’t work out,Advanced,Advanced,Everyday English,Shopping,Returns and exchanges,,,Was not suitable or did not produce the result you wanted.,The shoes didn’t work out because the soles were too stiff.,,
everyday:shopping-advanced-cut-out,cut out,Advanced,Advanced,Everyday English,Shopping,Returns and exchanges,,,Stop working suddenly and often start again later.,The audio cuts out every few minutes.,,
everyday:shopping-advanced-faulty,faulty,Advanced,Advanced,Everyday English,Shopping,Returns and exchanges,,,Not working correctly because of a defect or problem.,The store replaced the faulty charger.,,E-vocab (Middle)
everyday:shopping-advanced-issue-a-refund,issue a refund,Advanced,Advanced,Everyday English,Shopping,Returns and exchanges,,,Officially return money to a customer.,The company issued a full refund within five days.,,
everyday:shopping-advanced-working-days,working days,Advanced,Advanced,Everyday English,Shopping,Returns and exchanges,,,"Days when businesses are open, not weekends or holidays.",Delivery takes two to three working days.,,
everyday:shopping-advanced-sort-it-out,sort it out,Advanced,Advanced,Everyday English,Shopping,Returns and exchanges,,,To deal with a problem until it is fixed.,The bank sorted it out within a day.,,
